date_key,date_id,day_number_of_week,day_number_of_month,day_number_of_year,week_number_of_year,month_year,month_number_of_year,calendar_quarter,calendar_year,calendar_semester,day_name
1,2016-01-01,1,1,1,1,JANUARY,1,1,2016,1,FRIDAY
2,2016-01-02,1,2,2,1,JANUARY,1,1,2016,1,SATURDAY
3,2016-01-03,1,3,3,2,JANUARY,1,1,2016,1,SUNDAY
4,2016-01-04,1,4,4,2,JANUARY,1,1,2016,1,MONDAY
5,2016-01-05,1,5,5,2,JANUARY,1,1,2016,1,TUESDAY
6,2016-01-06,1,6,6,2,JANUARY,1,1,2016,1,WEDNESDAY
7,2016-01-07,1,7,7,2,JANUARY,1,1,2016,1,THURSDAY
8,2016-01-08,2,8,8,2,JANUARY,1,1,2016,1,FRIDAY
9,2016-01-09,2,9,9,2,JANUARY,1,1,2016,1,SATURDAY
10,2016-01-10,2,10,10,3,JANUARY,1,1,2016,1,SUNDAY
11,2016-01-11,2,11,11,3,JANUARY,1,1,2016,1,MONDAY
12,2016-01-12,2,12,12,3,JANUARY,1,1,2016,1,TUESDAY
13,2016-01-13,2,13,13,3,JANUARY,1,1,2016,1,WEDNESDAY
14,2016-01-14,2,14,14,3,JANUARY,1,1,2016,1,THURSDAY
15,2016-01-15,3,15,15,3,JANUARY,1,1,2016,1,FRIDAY
16,2016-01-16,3,16,16,3,JANUARY,1,1,2016,1,SATURDAY
17,2016-01-17,3,17,17,4,JANUARY,1,1,2016,1,SUNDAY
18,2016-01-18,3,18,18,4,JANUARY,1,1,2016,1,MONDAY
19,2016-01-19,3,19,19,4,JANUARY,1,1,2016,1,TUESDAY
20,2016-01-20,3,20,20,4,JANUARY,1,1,2016,1,WEDNESDAY
21,2016-01-21,3,21,21,4,JANUARY,1,1,2016,1,THURSDAY
22,2016-01-22,4,22,22,4,JANUARY,1,1,2016,1,FRIDAY
23,2016-01-23,4,23,23,4,JANUARY,1,1,2016,1,SATURDAY
24,2016-01-24,4,24,24,5,JANUARY,1,1,2016,1,SUNDAY
25,2016-01-25,4,25,25,5,JANUARY,1,1,2016,1,MONDAY
26,2016-01-26,4,26,26,5,JANUARY,1,1,2016,1,TUESDAY
27,2016-01-27,4,27,27,5,JANUARY,1,1,2016,1,WEDNESDAY
28,2016-01-28,4,28,28,5,JANUARY,1,1,2016,1,THURSDAY
29,2016-01-29,5,29,29,5,JANUARY,1,1,2016,1,FRIDAY
30,2016-01-30,5,30,30,5,JANUARY,1,1,2016,1,SATURDAY
31,2016-01-31,5,31,31,6,JANUARY,1,1,2016,1,SUNDAY
32,2016-02-01,1,1,32,6,FEBRUARY,2,1,2016,1,MONDAY
33,2016-02-02,1,2,33,6,FEBRUARY,2,1,2016,1,TUESDAY
34,2016-02-03,1,3,34,6,FEBRUARY,2,1,2016,1,WEDNESDAY
35,2016-02-04,1,4,35,6,FEBRUARY,2,1,2016,1,THURSDAY
36,2016-02-05,1,5,36,6,FEBRUARY,2,1,2016,1,FRIDAY
37,2016-02-06,1,6,37,6,FEBRUARY,2,1,2016,1,SATURDAY
38,2016-02-07,1,7,38,7,FEBRUARY,2,1,2016,1,SUNDAY
39,2016-02-08,2,8,39,7,FEBRUARY,2,1,2016,1,MONDAY
40,2016-02-09,2,9,40,7,FEBRUARY,2,1,2016,1,TUESDAY
41,2016-02-10,2,10,41,7,FEBRUARY,2,1,2016,1,WEDNESDAY
42,2016-02-11,2,11,42,7,FEBRUARY,2,1,2016,1,THURSDAY
43,2016-02-12,2,12,43,7,FEBRUARY,2,1,2016,1,FRIDAY
44,2016-02-13,2,13,44,7,FEBRUARY,2,1,2016,1,SATURDAY
45,2016-02-14,2,14,45,8,FEBRUARY,2,1,2016,1,SUNDAY
46,2016-02-15,3,15,46,8,FEBRUARY,2,1,2016,1,MONDAY
47,2016-02-16,3,16,47,8,FEBRUARY,2,1,2016,1,TUESDAY
48,2016-02-17,3,17,48,8,FEBRUARY,2,1,2016,1,WEDNESDAY
49,2016-02-18,3,18,49,8,FEBRUARY,2,1,2016,1,THURSDAY
50,2016-02-19,3,19,50,8,FEBRUARY,2,1,2016,1,FRIDAY
51,2016-02-20,3,20,51,8,FEBRUARY,2,1,2016,1,SATURDAY
52,2016-02-21,3,21,52,9,FEBRUARY,2,1,2016,1,SUNDAY
53,2016-02-22,4,22,53,9,FEBRUARY,2,1,2016,1,MONDAY
54,2016-02-23,4,23,54,9,FEBRUARY,2,1,2016,1,TUESDAY
55,2016-02-24,4,24,55,9,FEBRUARY,2,1,2016,1,WEDNESDAY
56,2016-02-25,4,25,56,9,FEBRUARY,2,1,2016,1,THURSDAY
57,2016-02-26,4,26,57,9,FEBRUARY,2,1,2016,1,FRIDAY
58,2016-02-27,4,27,58,9,FEBRUARY,2,1,2016,1,SATURDAY
59,2016-02-28,4,28,59,10,FEBRUARY,2,1,2016,1,SUNDAY
60,2016-02-29,5,29,60,10,FEBRUARY,2,1,2016,1,MONDAY
61,2016-03-01,1,1,61,10,MARCH,3,1,2016,1,TUESDAY
62,2016-03-02,1,2,62,10,MARCH,3,1,2016,1,WEDNESDAY
63,2016-03-03,1,3,63,10,MARCH,3,1,2016,1,THURSDAY
64,2016-03-04,1,4,64,10,MARCH,3,1,2016,1,FRIDAY
65,2016-03-05,1,5,65,10,MARCH,3,1,2016,1,SATURDAY
66,2016-03-06,1,6,66,11,MARCH,3,1,2016,1,SUNDAY
67,2016-03-07,1,7,67,11,MARCH,3,1,2016,1,MONDAY
68,2016-03-08,2,8,68,11,MARCH,3,1,2016,1,TUESDAY
69,2016-03-09,2,9,69,11,MARCH,3,1,2016,1,WEDNESDAY
70,2016-03-10,2,10,70,11,MARCH,3,1,2016,1,THURSDAY
71,2016-03-11,2,11,71,11,MARCH,3,1,2016,1,FRIDAY
72,2016-03-12,2,12,72,11,MARCH,3,1,2016,1,SATURDAY
73,2016-03-13,2,13,73,12,MARCH,3,1,2016,1,SUNDAY
74,2016-03-14,2,14,74,12,MARCH,3,1,2016,1,MONDAY
75,2016-03-15,3,15,75,12,MARCH,3,1,2016,1,TUESDAY
76,2016-03-16,3,16,76,12,MARCH,3,1,2016,1,WEDNESDAY
77,2016-03-17,3,17,77,12,MARCH,3,1,2016,1,THURSDAY
78,2016-03-18,3,18,78,12,MARCH,3,1,2016,1,FRIDAY
79,2016-03-19,3,19,79,12,MARCH,3,1,2016,1,SATURDAY
80,2016-03-20,3,20,80,13,MARCH,3,1,2016,1,SUNDAY
81,2016-03-21,3,21,81,13,MARCH,3,1,2016,1,MONDAY
82,2016-03-22,4,22,82,13,MARCH,3,1,2016,1,TUESDAY
83,2016-03-23,4,23,83,13,MARCH,3,1,2016,1,WEDNESDAY
84,2016-03-24,4,24,84,13,MARCH,3,1,2016,1,THURSDAY
85,2016-03-25,4,25,85,13,MARCH,3,1,2016,1,FRIDAY
86,2016-03-26,4,26,86,13,MARCH,3,1,2016,1,SATURDAY
87,2016-03-27,4,27,87,14,MARCH,3,1,2016,1,SUNDAY
88,2016-03-28,4,28,88,14,MARCH,3,1,2016,1,MONDAY
89,2016-03-29,5,29,89,14,MARCH,3,1,2016,1,TUESDAY
90,2016-03-30,5,30,90,14,MARCH,3,1,2016,1,WEDNESDAY
91,2016-03-31,5,31,91,14,MARCH,3,1,2016,1,THURSDAY
92,2016-04-01,1,1,92,14,APRIL,4,2,2016,1,FRIDAY
93,2016-04-02,1,2,93,14,APRIL,4,2,2016,1,SATURDAY
94,2016-04-03,1,3,94,15,APRIL,4,2,2016,1,SUNDAY
95,2016-04-04,1,4,95,15,APRIL,4,2,2016,1,MONDAY
96,2016-04-05,1,5,96,15,APRIL,4,2,2016,1,TUESDAY
97,2016-04-06,1,6,97,15,APRIL,4,2,2016,1,WEDNESDAY
98,2016-04-07,1,7,98,15,APRIL,4,2,2016,1,THURSDAY
99,2016-04-08,2,8,99,15,APRIL,4,2,2016,1,FRIDAY
100,2016-04-09,2,9,100,15,APRIL,4,2,2016,1,SATURDAY
101,2016-04-10,2,10,101,16,APRIL,4,2,2016,1,SUNDAY
102,2016-04-11,2,11,102,16,APRIL,4,2,2016,1,MONDAY
103,2016-04-12,2,12,103,16,APRIL,4,2,2016,1,TUESDAY
104,2016-04-13,2,13,104,16,APRIL,4,2,2016,1,WEDNESDAY
105,2016-04-14,2,14,105,16,APRIL,4,2,2016,1,THURSDAY
106,2016-04-15,3,15,106,16,APRIL,4,2,2016,1,FRIDAY
107,2016-04-16,3,16,107,16,APRIL,4,2,2016,1,SATURDAY
108,2016-04-17,3,17,108,17,APRIL,4,2,2016,1,SUNDAY
109,2016-04-18,3,18,109,17,APRIL,4,2,2016,1,MONDAY
110,2016-04-19,3,19,110,17,APRIL,4,2,2016,1,TUESDAY
111,2016-04-20,3,20,111,17,APRIL,4,2,2016,1,WEDNESDAY
112,2016-04-21,3,21,112,17,APRIL,4,2,2016,1,THURSDAY
113,2016-04-22,4,22,113,17,APRIL,4,2,2016,1,FRIDAY
114,2016-04-23,4,23,114,17,APRIL,4,2,2016,1,SATURDAY
115,2016-04-24,4,24,115,18,APRIL,4,2,2016,1,SUNDAY
116,2016-04-25,4,25,116,18,APRIL,4,2,2016,1,MONDAY
117,2016-04-26,4,26,117,18,APRIL,4,2,2016,1,TUESDAY
118,2016-04-27,4,27,118,18,APRIL,4,2,2016,1,WEDNESDAY
119,2016-04-28,4,28,119,18,APRIL,4,2,2016,1,THURSDAY
120,2016-04-29,5,29,120,18,APRIL,4,2,2016,1,FRIDAY
121,2016-04-30,5,30,121,18,APRIL,4,2,2016,1,SATURDAY
122,2016-05-01,1,1,122,19,MAY,5,2,2016,1,SUNDAY
123,2016-05-02,1,2,123,19,MAY,5,2,2016,1,MONDAY
124,2016-05-03,1,3,124,19,MAY,5,2,2016,1,TUESDAY
125,2016-05-04,1,4,125,19,MAY,5,2,2016,1,WEDNESDAY
126,2016-05-05,1,5,126,19,MAY,5,2,2016,1,THURSDAY
127,2016-05-06,1,6,127,19,MAY,5,2,2016,1,FRIDAY
128,2016-05-07,1,7,128,19,MAY,5,2,2016,1,SATURDAY
129,2016-05-08,2,8,129,20,MAY,5,2,2016,1,SUNDAY
130,2016-05-09,2,9,130,20,MAY,5,2,2016,1,MONDAY
131,2016-05-10,2,10,131,20,MAY,5,2,2016,1,TUESDAY
132,2016-05-11,2,11,132,20,MAY,5,2,2016,1,WEDNESDAY
133,2016-05-12,2,12,133,20,MAY,5,2,2016,1,THURSDAY
134,2016-05-13,2,13,134,20,MAY,5,2,2016,1,FRIDAY
135,2016-05-14,2,14,135,20,MAY,5,2,2016,1,SATURDAY
136,2016-05-15,3,15,136,21,MAY,5,2,2016,1,SUNDAY
137,2016-05-16,3,16,137,21,MAY,5,2,2016,1,MONDAY
138,2016-05-17,3,17,138,21,MAY,5,2,2016,1,TUESDAY
139,2016-05-18,3,18,139,21,MAY,5,2,2016,1,WEDNESDAY
140,2016-05-19,3,19,140,21,MAY,5,2,2016,1,THURSDAY
141,2016-05-20,3,20,141,21,MAY,5,2,2016,1,FRIDAY
142,2016-05-21,3,21,142,21,MAY,5,2,2016,1,SATURDAY
143,2016-05-22,4,22,143,22,MAY,5,2,2016,1,SUNDAY
144,2016-05-23,4,23,144,22,MAY,5,2,2016,1,MONDAY
145,2016-05-24,4,24,145,22,MAY,5,2,2016,1,TUESDAY
146,2016-05-25,4,25,146,22,MAY,5,2,2016,1,WEDNESDAY
147,2016-05-26,4,26,147,22,MAY,5,2,2016,1,THURSDAY
148,2016-05-27,4,27,148,22,MAY,5,2,2016,1,FRIDAY
149,2016-05-28,4,28,149,22,MAY,5,2,2016,1,SATURDAY
150,2016-05-29,5,29,150,23,MAY,5,2,2016,1,SUNDAY
151,2016-05-30,5,30,151,23,MAY,5,2,2016,1,MONDAY
152,2016-05-31,5,31,152,23,MAY,5,2,2016,1,TUESDAY
153,2016-06-01,1,1,153,23,JUNE,6,2,2016,1,WEDNESDAY
154,2016-06-02,1,2,154,23,JUNE,6,2,2016,1,THURSDAY
155,2016-06-03,1,3,155,23,JUNE,6,2,2016,1,FRIDAY
156,2016-06-04,1,4,156,23,JUNE,6,2,2016,1,SATURDAY
157,2016-06-05,1,5,157,24,JUNE,6,2,2016,1,SUNDAY
158,2016-06-06,1,6,158,24,JUNE,6,2,2016,1,MONDAY
159,2016-06-07,1,7,159,24,JUNE,6,2,2016,1,TUESDAY
160,2016-06-08,2,8,160,24,JUNE,6,2,2016,1,WEDNESDAY
161,2016-06-09,2,9,161,24,JUNE,6,2,2016,1,THURSDAY
162,2016-06-10,2,10,162,24,JUNE,6,2,2016,1,FRIDAY
163,2016-06-11,2,11,163,24,JUNE,6,2,2016,1,SATURDAY
164,2016-06-12,2,12,164,25,JUNE,6,2,2016,1,SUNDAY
165,2016-06-13,2,13,165,25,JUNE,6,2,2016,1,MONDAY
166,2016-06-14,2,14,166,25,JUNE,6,2,2016,1,TUESDAY
167,2016-06-15,3,15,167,25,JUNE,6,2,2016,1,WEDNESDAY
168,2016-06-16,3,16,168,25,JUNE,6,2,2016,1,THURSDAY
169,2016-06-17,3,17,169,25,JUNE,6,2,2016,1,FRIDAY
170,2016-06-18,3,18,170,25,JUNE,6,2,2016,1,SATURDAY
171,2016-06-19,3,19,171,26,JUNE,6,2,2016,1,SUNDAY
172,2016-06-20,3,20,172,26,JUNE,6,2,2016,1,MONDAY
173,2016-06-21,3,21,173,26,JUNE,6,2,2016,1,TUESDAY
174,2016-06-22,4,22,174,26,JUNE,6,2,2016,1,WEDNESDAY
175,2016-06-23,4,23,175,26,JUNE,6,2,2016,1,THURSDAY
176,2016-06-24,4,24,176,26,JUNE,6,2,2016,1,FRIDAY
177,2016-06-25,4,25,177,26,JUNE,6,2,2016,1,SATURDAY
178,2016-06-26,4,26,178,27,JUNE,6,2,2016,1,SUNDAY
179,2016-06-27,4,27,179,27,JUNE,6,2,2016,1,MONDAY
180,2016-06-28,4,28,180,27,JUNE,6,2,2016,1,TUESDAY
181,2016-06-29,5,29,181,27,JUNE,6,2,2016,1,WEDNESDAY
182,2016-06-30,5,30,182,27,JUNE,6,2,2016,1,THURSDAY
183,2016-07-01,1,1,183,27,JULY,7,3,2016,2,FRIDAY
184,2016-07-02,1,2,184,27,JULY,7,3,2016,2,SATURDAY
185,2016-07-03,1,3,185,28,JULY,7,3,2016,2,SUNDAY
186,2016-07-04,1,4,186,28,JULY,7,3,2016,2,MONDAY
187,2016-07-05,1,5,187,28,JULY,7,3,2016,2,TUESDAY
188,2016-07-06,1,6,188,28,JULY,7,3,2016,2,WEDNESDAY
189,2016-07-07,1,7,189,28,JULY,7,3,2016,2,THURSDAY
190,2016-07-08,2,8,190,28,JULY,7,3,2016,2,FRIDAY
191,2016-07-09,2,9,191,28,JULY,7,3,2016,2,SATURDAY
192,2016-07-10,2,10,192,29,JULY,7,3,2016,2,SUNDAY
193,2016-07-11,2,11,193,29,JULY,7,3,2016,2,MONDAY
194,2016-07-12,2,12,194,29,JULY,7,3,2016,2,TUESDAY
195,2016-07-13,2,13,195,29,JULY,7,3,2016,2,WEDNESDAY
196,2016-07-14,2,14,196,29,JULY,7,3,2016,2,THURSDAY
197,2016-07-15,3,15,197,29,JULY,7,3,2016,2,FRIDAY
198,2016-07-16,3,16,198,29,JULY,7,3,2016,2,SATURDAY
199,2016-07-17,3,17,199,30,JULY,7,3,2016,2,SUNDAY
200,2016-07-18,3,18,200,30,JULY,7,3,2016,2,MONDAY
201,2016-07-19,3,19,201,30,JULY,7,3,2016,2,TUESDAY
202,2016-07-20,3,20,202,30,JULY,7,3,2016,2,WEDNESDAY
203,2016-07-21,3,21,203,30,JULY,7,3,2016,2,THURSDAY
204,2016-07-22,4,22,204,30,JULY,7,3,2016,2,FRIDAY
205,2016-07-23,4,23,205,30,JULY,7,3,2016,2,SATURDAY
206,2016-07-24,4,24,206,31,JULY,7,3,2016,2,SUNDAY
207,2016-07-25,4,25,207,31,JULY,7,3,2016,2,MONDAY
208,2016-07-26,4,26,208,31,JULY,7,3,2016,2,TUESDAY
209,2016-07-27,4,27,209,31,JULY,7,3,2016,2,WEDNESDAY
210,2016-07-28,4,28,210,31,JULY,7,3,2016,2,THURSDAY
211,2016-07-29,5,29,211,31,JULY,7,3,2016,2,FRIDAY
212,2016-07-30,5,30,212,31,JULY,7,3,2016,2,SATURDAY
213,2016-07-31,5,31,213,32,JULY,7,3,2016,2,SUNDAY
214,2016-08-01,1,1,214,32,AUGUST,8,3,2016,2,MONDAY
215,2016-08-02,1,2,215,32,AUGUST,8,3,2016,2,TUESDAY
216,2016-08-03,1,3,216,32,AUGUST,8,3,2016,2,WEDNESDAY
217,2016-08-04,1,4,217,32,AUGUST,8,3,2016,2,THURSDAY
218,2016-08-05,1,5,218,32,AUGUST,8,3,2016,2,FRIDAY
219,2016-08-06,1,6,219,32,AUGUST,8,3,2016,2,SATURDAY
220,2016-08-07,1,7,220,33,AUGUST,8,3,2016,2,SUNDAY
221,2016-08-08,2,8,221,33,AUGUST,8,3,2016,2,MONDAY
222,2016-08-09,2,9,222,33,AUGUST,8,3,2016,2,TUESDAY
223,2016-08-10,2,10,223,33,AUGUST,8,3,2016,2,WEDNESDAY
224,2016-08-11,2,11,224,33,AUGUST,8,3,2016,2,THURSDAY
225,2016-08-12,2,12,225,33,AUGUST,8,3,2016,2,FRIDAY
226,2016-08-13,2,13,226,33,AUGUST,8,3,2016,2,SATURDAY
227,2016-08-14,2,14,227,34,AUGUST,8,3,2016,2,SUNDAY
228,2016-08-15,3,15,228,34,AUGUST,8,3,2016,2,MONDAY
229,2016-08-16,3,16,229,34,AUGUST,8,3,2016,2,TUESDAY
230,2016-08-17,3,17,230,34,AUGUST,8,3,2016,2,WEDNESDAY
231,2016-08-18,3,18,231,34,AUGUST,8,3,2016,2,THURSDAY
232,2016-08-19,3,19,232,34,AUGUST,8,3,2016,2,FRIDAY
233,2016-08-20,3,20,233,34,AUGUST,8,3,2016,2,SATURDAY
234,2016-08-21,3,21,234,35,AUGUST,8,3,2016,2,SUNDAY
235,2016-08-22,4,22,235,35,AUGUST,8,3,2016,2,MONDAY
236,2016-08-23,4,23,236,35,AUGUST,8,3,2016,2,TUESDAY
237,2016-08-24,4,24,237,35,AUGUST,8,3,2016,2,WEDNESDAY
238,2016-08-25,4,25,238,35,AUGUST,8,3,2016,2,THURSDAY
239,2016-08-26,4,26,239,35,AUGUST,8,3,2016,2,FRIDAY
240,2016-08-27,4,27,240,35,AUGUST,8,3,2016,2,SATURDAY
241,2016-08-28,4,28,241,36,AUGUST,8,3,2016,2,SUNDAY
242,2016-08-29,5,29,242,36,AUGUST,8,3,2016,2,MONDAY
243,2016-08-30,5,30,243,36,AUGUST,8,3,2016,2,TUESDAY
244,2016-08-31,5,31,244,36,AUGUST,8,3,2016,2,WEDNESDAY
245,2016-09-01,1,1,245,36,SEPTEMBER,9,3,2016,2,THURSDAY
246,2016-09-02,1,2,246,36,SEPTEMBER,9,3,2016,2,FRIDAY
247,2016-09-03,1,3,247,36,SEPTEMBER,9,3,2016,2,SATURDAY
248,2016-09-04,1,4,248,37,SEPTEMBER,9,3,2016,2,SUNDAY
249,2016-09-05,1,5,249,37,SEPTEMBER,9,3,2016,2,MONDAY
250,2016-09-06,1,6,250,37,SEPTEMBER,9,3,2016,2,TUESDAY
251,2016-09-07,1,7,251,37,SEPTEMBER,9,3,2016,2,WEDNESDAY
252,2016-09-08,2,8,252,37,SEPTEMBER,9,3,2016,2,THURSDAY
253,2016-09-09,2,9,253,37,SEPTEMBER,9,3,2016,2,FRIDAY
254,2016-09-10,2,10,254,37,SEPTEMBER,9,3,2016,2,SATURDAY
255,2016-09-11,2,11,255,38,SEPTEMBER,9,3,2016,2,SUNDAY
256,2016-09-12,2,12,256,38,SEPTEMBER,9,3,2016,2,MONDAY
257,2016-09-13,2,13,257,38,SEPTEMBER,9,3,2016,2,TUESDAY
258,2016-09-14,2,14,258,38,SEPTEMBER,9,3,2016,2,WEDNESDAY
259,2016-09-15,3,15,259,38,SEPTEMBER,9,3,2016,2,THURSDAY
260,2016-09-16,3,16,260,38,SEPTEMBER,9,3,2016,2,FRIDAY
261,2016-09-17,3,17,261,38,SEPTEMBER,9,3,2016,2,SATURDAY
262,2016-09-18,3,18,262,39,SEPTEMBER,9,3,2016,2,SUNDAY
263,2016-09-19,3,19,263,39,SEPTEMBER,9,3,2016,2,MONDAY
264,2016-09-20,3,20,264,39,SEPTEMBER,9,3,2016,2,TUESDAY
265,2016-09-21,3,21,265,39,SEPTEMBER,9,3,2016,2,WEDNESDAY
266,2016-09-22,4,22,266,39,SEPTEMBER,9,3,2016,2,THURSDAY
267,2016-09-23,4,23,267,39,SEPTEMBER,9,3,2016,2,FRIDAY
268,2016-09-24,4,24,268,39,SEPTEMBER,9,3,2016,2,SATURDAY
269,2016-09-25,4,25,269,40,SEPTEMBER,9,3,2016,2,SUNDAY
270,2016-09-26,4,26,270,40,SEPTEMBER,9,3,2016,2,MONDAY
271,2016-09-27,4,27,271,40,SEPTEMBER,9,3,2016,2,TUESDAY
272,2016-09-28,4,28,272,40,SEPTEMBER,9,3,2016,2,WEDNESDAY
273,2016-09-29,5,29,273,40,SEPTEMBER,9,3,2016,2,THURSDAY
274,2016-09-30,5,30,274,40,SEPTEMBER,9,3,2016,2,FRIDAY
275,2016-10-01,1,1,275,40,OCTOBER,10,4,2016,2,SATURDAY
276,2016-10-02,1,2,276,41,OCTOBER,10,4,2016,2,SUNDAY
277,2016-10-03,1,3,277,41,OCTOBER,10,4,2016,2,MONDAY
278,2016-10-04,1,4,278,41,OCTOBER,10,4,2016,2,TUESDAY
279,2016-10-05,1,5,279,41,OCTOBER,10,4,2016,2,WEDNESDAY
280,2016-10-06,1,6,280,41,OCTOBER,10,4,2016,2,THURSDAY
281,2016-10-07,1,7,281,41,OCTOBER,10,4,2016,2,FRIDAY
282,2016-10-08,2,8,282,41,OCTOBER,10,4,2016,2,SATURDAY
283,2016-10-09,2,9,283,42,OCTOBER,10,4,2016,2,SUNDAY
284,2016-10-10,2,10,284,42,OCTOBER,10,4,2016,2,MONDAY
285,2016-10-11,2,11,285,42,OCTOBER,10,4,2016,2,TUESDAY
286,2016-10-12,2,12,286,42,OCTOBER,10,4,2016,2,WEDNESDAY
287,2016-10-13,2,13,287,42,OCTOBER,10,4,2016,2,THURSDAY
288,2016-10-14,2,14,288,42,OCTOBER,10,4,2016,2,FRIDAY
289,2016-10-15,3,15,289,42,OCTOBER,10,4,2016,2,SATURDAY
290,2016-10-16,3,16,290,43,OCTOBER,10,4,2016,2,SUNDAY
291,2016-10-17,3,17,291,43,OCTOBER,10,4,2016,2,MONDAY
292,2016-10-18,3,18,292,43,OCTOBER,10,4,2016,2,TUESDAY
293,2016-10-19,3,19,293,43,OCTOBER,10,4,2016,2,WEDNESDAY
294,2016-10-20,3,20,294,43,OCTOBER,10,4,2016,2,THURSDAY
295,2016-10-21,3,21,295,43,OCTOBER,10,4,2016,2,FRIDAY
296,2016-10-22,4,22,296,43,OCTOBER,10,4,2016,2,SATURDAY
297,2016-10-23,4,23,297,44,OCTOBER,10,4,2016,2,SUNDAY
298,2016-10-24,4,24,298,44,OCTOBER,10,4,2016,2,MONDAY
299,2016-10-25,4,25,299,44,OCTOBER,10,4,2016,2,TUESDAY
300,2016-10-26,4,26,300,44,OCTOBER,10,4,2016,2,WEDNESDAY
301,2016-10-27,4,27,301,44,OCTOBER,10,4,2016,2,THURSDAY
302,2016-10-28,4,28,302,44,OCTOBER,10,4,2016,2,FRIDAY
303,2016-10-29,5,29,303,44,OCTOBER,10,4,2016,2,SATURDAY
304,2016-10-30,5,30,304,45,OCTOBER,10,4,2016,2,SUNDAY
305,2016-10-31,5,31,305,45,OCTOBER,10,4,2016,2,MONDAY
306,2016-11-01,1,1,306,45,NOVEMBER,11,4,2016,2,TUESDAY
307,2016-11-02,1,2,307,45,NOVEMBER,11,4,2016,2,WEDNESDAY
308,2016-11-03,1,3,308,45,NOVEMBER,11,4,2016,2,THURSDAY
309,2016-11-04,1,4,309,45,NOVEMBER,11,4,2016,2,FRIDAY
310,2016-11-05,1,5,310,45,NOVEMBER,11,4,2016,2,SATURDAY
311,2016-11-06,1,6,311,46,NOVEMBER,11,4,2016,2,SUNDAY
312,2016-11-07,1,7,312,46,NOVEMBER,11,4,2016,2,MONDAY
313,2016-11-08,2,8,313,46,NOVEMBER,11,4,2016,2,TUESDAY
314,2016-11-09,2,9,314,46,NOVEMBER,11,4,2016,2,WEDNESDAY
315,2016-11-10,2,10,315,46,NOVEMBER,11,4,2016,2,THURSDAY
316,2016-11-11,2,11,316,46,NOVEMBER,11,4,2016,2,FRIDAY
317,2016-11-12,2,12,317,46,NOVEMBER,11,4,2016,2,SATURDAY
318,2016-11-13,2,13,318,47,NOVEMBER,11,4,2016,2,SUNDAY
319,2016-11-14,2,14,319,47,NOVEMBER,11,4,2016,2,MONDAY
320,2016-11-15,3,15,320,47,NOVEMBER,11,4,2016,2,TUESDAY
321,2016-11-16,3,16,321,47,NOVEMBER,11,4,2016,2,WEDNESDAY
322,2016-11-17,3,17,322,47,NOVEMBER,11,4,2016,2,THURSDAY
323,2016-11-18,3,18,323,47,NOVEMBER,11,4,2016,2,FRIDAY
324,2016-11-19,3,19,324,47,NOVEMBER,11,4,2016,2,SATURDAY
325,2016-11-20,3,20,325,48,NOVEMBER,11,4,2016,2,SUNDAY
326,2016-11-21,3,21,326,48,NOVEMBER,11,4,2016,2,MONDAY
327,2016-11-22,4,22,327,48,NOVEMBER,11,4,2016,2,TUESDAY
328,2016-11-23,4,23,328,48,NOVEMBER,11,4,2016,2,WEDNESDAY
329,2016-11-24,4,24,329,48,NOVEMBER,11,4,2016,2,THURSDAY
330,2016-11-25,4,25,330,48,NOVEMBER,11,4,2016,2,FRIDAY
331,2016-11-26,4,26,331,48,NOVEMBER,11,4,2016,2,SATURDAY
332,2016-11-27,4,27,332,49,NOVEMBER,11,4,2016,2,SUNDAY
333,2016-11-28,4,28,333,49,NOVEMBER,11,4,2016,2,MONDAY
334,2016-11-29,5,29,334,49,NOVEMBER,11,4,2016,2,TUESDAY
335,2016-11-30,5,30,335,49,NOVEMBER,11,4,2016,2,WEDNESDAY
336,2016-12-01,1,1,336,49,DECEMBER,12,4,2016,2,THURSDAY
337,2016-12-02,1,2,337,49,DECEMBER,12,4,2016,2,FRIDAY
338,2016-12-03,1,3,338,49,DECEMBER,12,4,2016,2,SATURDAY
339,2016-12-04,1,4,339,50,DECEMBER,12,4,2016,2,SUNDAY
340,2016-12-05,1,5,340,50,DECEMBER,12,4,2016,2,MONDAY
341,2016-12-06,1,6,341,50,DECEMBER,12,4,2016,2,TUESDAY
342,2016-12-07,1,7,342,50,DECEMBER,12,4,2016,2,WEDNESDAY
343,2016-12-08,2,8,343,50,DECEMBER,12,4,2016,2,THURSDAY
344,2016-12-09,2,9,344,50,DECEMBER,12,4,2016,2,FRIDAY
345,2016-12-10,2,10,345,50,DECEMBER,12,4,2016,2,SATURDAY
346,2016-12-11,2,11,346,51,DECEMBER,12,4,2016,2,SUNDAY
347,2016-12-12,2,12,347,51,DECEMBER,12,4,2016,2,MONDAY
348,2016-12-13,2,13,348,51,DECEMBER,12,4,2016,2,TUESDAY
349,2016-12-14,2,14,349,51,DECEMBER,12,4,2016,2,WEDNESDAY
350,2016-12-15,3,15,350,51,DECEMBER,12,4,2016,2,THURSDAY
351,2016-12-16,3,16,351,51,DECEMBER,12,4,2016,2,FRIDAY
352,2016-12-17,3,17,352,51,DECEMBER,12,4,2016,2,SATURDAY
353,2016-12-18,3,18,353,52,DECEMBER,12,4,2016,2,SUNDAY
354,2016-12-19,3,19,354,52,DECEMBER,12,4,2016,2,MONDAY
355,2016-12-20,3,20,355,52,DECEMBER,12,4,2016,2,TUESDAY
356,2016-12-21,3,21,356,52,DECEMBER,12,4,2016,2,WEDNESDAY
357,2016-12-22,4,22,357,52,DECEMBER,12,4,2016,2,THURSDAY
358,2016-12-23,4,23,358,52,DECEMBER,12,4,2016,2,FRIDAY
359,2016-12-24,4,24,359,52,DECEMBER,12,4,2016,2,SATURDAY
360,2016-12-25,4,25,360,53,DECEMBER,12,4,2016,2,SUNDAY
361,2016-12-26,4,26,361,53,DECEMBER,12,4,2016,2,MONDAY
362,2016-12-27,4,27,362,53,DECEMBER,12,4,2016,2,TUESDAY
363,2016-12-28,4,28,363,53,DECEMBER,12,4,2016,2,WEDNESDAY
364,2016-12-29,5,29,364,53,DECEMBER,12,4,2016,2,THURSDAY
365,2016-12-30,5,30,365,53,DECEMBER,12,4,2016,2,FRIDAY
366,2016-12-31,5,31,366,53,DECEMBER,12,4,2016,2,SATURDAY
367,2017-01-01,1,1,1,1,JANUARY,1,1,2017,1,SUNDAY
368,2017-01-02,1,2,2,1,JANUARY,1,1,2017,1,MONDAY
369,2017-01-03,1,3,3,1,JANUARY,1,1,2017,1,TUESDAY
370,2017-01-04,1,4,4,1,JANUARY,1,1,2017,1,WEDNESDAY
371,2017-01-05,1,5,5,1,JANUARY,1,1,2017,1,THURSDAY
372,2017-01-06,1,6,6,1,JANUARY,1,1,2017,1,FRIDAY
373,2017-01-07,1,7,7,1,JANUARY,1,1,2017,1,SATURDAY
374,2017-01-08,2,8,8,2,JANUARY,1,1,2017,1,SUNDAY
375,2017-01-09,2,9,9,2,JANUARY,1,1,2017,1,MONDAY
376,2017-01-10,2,10,10,2,JANUARY,1,1,2017,1,TUESDAY
377,2017-01-11,2,11,11,2,JANUARY,1,1,2017,1,WEDNESDAY
378,2017-01-12,2,12,12,2,JANUARY,1,1,2017,1,THURSDAY
379,2017-01-13,2,13,13,2,JANUARY,1,1,2017,1,FRIDAY
380,2017-01-14,2,14,14,2,JANUARY,1,1,2017,1,SATURDAY
381,2017-01-15,3,15,15,3,JANUARY,1,1,2017,1,SUNDAY
382,2017-01-16,3,16,16,3,JANUARY,1,1,2017,1,MONDAY
383,2017-01-17,3,17,17,3,JANUARY,1,1,2017,1,TUESDAY
384,2017-01-18,3,18,18,3,JANUARY,1,1,2017,1,WEDNESDAY
385,2017-01-19,3,19,19,3,JANUARY,1,1,2017,1,THURSDAY
386,2017-01-20,3,20,20,3,JANUARY,1,1,2017,1,FRIDAY
387,2017-01-21,3,21,21,3,JANUARY,1,1,2017,1,SATURDAY
388,2017-01-22,4,22,22,4,JANUARY,1,1,2017,1,SUNDAY
389,2017-01-23,4,23,23,4,JANUARY,1,1,2017,1,MONDAY
390,2017-01-24,4,24,24,4,JANUARY,1,1,2017,1,TUESDAY
391,2017-01-25,4,25,25,4,JANUARY,1,1,2017,1,WEDNESDAY
392,2017-01-26,4,26,26,4,JANUARY,1,1,2017,1,THURSDAY
393,2017-01-27,4,27,27,4,JANUARY,1,1,2017,1,FRIDAY
394,2017-01-28,4,28,28,4,JANUARY,1,1,2017,1,SATURDAY
395,2017-01-29,5,29,29,5,JANUARY,1,1,2017,1,SUNDAY
396,2017-01-30,5,30,30,5,JANUARY,1,1,2017,1,MONDAY
397,2017-01-31,5,31,31,5,JANUARY,1,1,2017,1,TUESDAY
398,2017-02-01,1,1,32,5,FEBRUARY,2,1,2017,1,WEDNESDAY
399,2017-02-02,1,2,33,5,FEBRUARY,2,1,2017,1,THURSDAY
400,2017-02-03,1,3,34,5,FEBRUARY,2,1,2017,1,FRIDAY
401,2017-02-04,1,4,35,5,FEBRUARY,2,1,2017,1,SATURDAY
402,2017-02-05,1,5,36,6,FEBRUARY,2,1,2017,1,SUNDAY
403,2017-02-06,1,6,37,6,FEBRUARY,2,1,2017,1,MONDAY
404,2017-02-07,1,7,38,6,FEBRUARY,2,1,2017,1,TUESDAY
405,2017-02-08,2,8,39,6,FEBRUARY,2,1,2017,1,WEDNESDAY
406,2017-02-09,2,9,40,6,FEBRUARY,2,1,2017,1,THURSDAY
407,2017-02-10,2,10,41,6,FEBRUARY,2,1,2017,1,FRIDAY
408,2017-02-11,2,11,42,6,FEBRUARY,2,1,2017,1,SATURDAY
409,2017-02-12,2,12,43,7,FEBRUARY,2,1,2017,1,SUNDAY
410,2017-02-13,2,13,44,7,FEBRUARY,2,1,2017,1,MONDAY
411,2017-02-14,2,14,45,7,FEBRUARY,2,1,2017,1,TUESDAY
412,2017-02-15,3,15,46,7,FEBRUARY,2,1,2017,1,WEDNESDAY
413,2017-02-16,3,16,47,7,FEBRUARY,2,1,2017,1,THURSDAY
414,2017-02-17,3,17,48,7,FEBRUARY,2,1,2017,1,FRIDAY
415,2017-02-18,3,18,49,7,FEBRUARY,2,1,2017,1,SATURDAY
416,2017-02-19,3,19,50,8,FEBRUARY,2,1,2017,1,SUNDAY
417,2017-02-20,3,20,51,8,FEBRUARY,2,1,2017,1,MONDAY
418,2017-02-21,3,21,52,8,FEBRUARY,2,1,2017,1,TUESDAY
419,2017-02-22,4,22,53,8,FEBRUARY,2,1,2017,1,WEDNESDAY
420,2017-02-23,4,23,54,8,FEBRUARY,2,1,2017,1,THURSDAY
421,2017-02-24,4,24,55,8,FEBRUARY,2,1,2017,1,FRIDAY
422,2017-02-25,4,25,56,8,FEBRUARY,2,1,2017,1,SATURDAY
423,2017-02-26,4,26,57,9,FEBRUARY,2,1,2017,1,SUNDAY
424,2017-02-27,4,27,58,9,FEBRUARY,2,1,2017,1,MONDAY
425,2017-02-28,4,28,59,9,FEBRUARY,2,1,2017,1,TUESDAY
426,2017-03-01,1,1,60,9,MARCH,3,1,2017,1,WEDNESDAY
427,2017-03-02,1,2,61,9,MARCH,3,1,2017,1,THURSDAY
428,2017-03-03,1,3,62,9,MARCH,3,1,2017,1,FRIDAY
429,2017-03-04,1,4,63,9,MARCH,3,1,2017,1,SATURDAY
430,2017-03-05,1,5,64,10,MARCH,3,1,2017,1,SUNDAY
431,2017-03-06,1,6,65,10,MARCH,3,1,2017,1,MONDAY
432,2017-03-07,1,7,66,10,MARCH,3,1,2017,1,TUESDAY
433,2017-03-08,2,8,67,10,MARCH,3,1,2017,1,WEDNESDAY
434,2017-03-09,2,9,68,10,MARCH,3,1,2017,1,THURSDAY
435,2017-03-10,2,10,69,10,MARCH,3,1,2017,1,FRIDAY
436,2017-03-11,2,11,70,10,MARCH,3,1,2017,1,SATURDAY
437,2017-03-12,2,12,71,11,MARCH,3,1,2017,1,SUNDAY
438,2017-03-13,2,13,72,11,MARCH,3,1,2017,1,MONDAY
439,2017-03-14,2,14,73,11,MARCH,3,1,2017,1,TUESDAY
440,2017-03-15,3,15,74,11,MARCH,3,1,2017,1,WEDNESDAY
441,2017-03-16,3,16,75,11,MARCH,3,1,2017,1,THURSDAY
442,2017-03-17,3,17,76,11,MARCH,3,1,2017,1,FRIDAY
443,2017-03-18,3,18,77,11,MARCH,3,1,2017,1,SATURDAY
444,2017-03-19,3,19,78,12,MARCH,3,1,2017,1,SUNDAY
445,2017-03-20,3,20,79,12,MARCH,3,1,2017,1,MONDAY
446,2017-03-21,3,21,80,12,MARCH,3,1,2017,1,TUESDAY
447,2017-03-22,4,22,81,12,MARCH,3,1,2017,1,WEDNESDAY
448,2017-03-23,4,23,82,12,MARCH,3,1,2017,1,THURSDAY
449,2017-03-24,4,24,83,12,MARCH,3,1,2017,1,FRIDAY
450,2017-03-25,4,25,84,12,MARCH,3,1,2017,1,SATURDAY
451,2017-03-26,4,26,85,13,MARCH,3,1,2017,1,SUNDAY
452,2017-03-27,4,27,86,13,MARCH,3,1,2017,1,MONDAY
453,2017-03-28,4,28,87,13,MARCH,3,1,2017,1,TUESDAY
454,2017-03-29,5,29,88,13,MARCH,3,1,2017,1,WEDNESDAY
455,2017-03-30,5,30,89,13,MARCH,3,1,2017,1,THURSDAY
456,2017-03-31,5,31,90,13,MARCH,3,1,2017,1,FRIDAY
457,2017-04-01,1,1,91,13,APRIL,4,2,2017,1,SATURDAY
458,2017-04-02,1,2,92,14,APRIL,4,2,2017,1,SUNDAY
459,2017-04-03,1,3,93,14,APRIL,4,2,2017,1,MONDAY
460,2017-04-04,1,4,94,14,APRIL,4,2,2017,1,TUESDAY
461,2017-04-05,1,5,95,14,APRIL,4,2,2017,1,WEDNESDAY
462,2017-04-06,1,6,96,14,APRIL,4,2,2017,1,THURSDAY
463,2017-04-07,1,7,97,14,APRIL,4,2,2017,1,FRIDAY
464,2017-04-08,2,8,98,14,APRIL,4,2,2017,1,SATURDAY
465,2017-04-09,2,9,99,15,APRIL,4,2,2017,1,SUNDAY
466,2017-04-10,2,10,100,15,APRIL,4,2,2017,1,MONDAY
467,2017-04-11,2,11,101,15,APRIL,4,2,2017,1,TUESDAY
468,2017-04-12,2,12,102,15,APRIL,4,2,2017,1,WEDNESDAY
469,2017-04-13,2,13,103,15,APRIL,4,2,2017,1,THURSDAY
470,2017-04-14,2,14,104,15,APRIL,4,2,2017,1,FRIDAY
471,2017-04-15,3,15,105,15,APRIL,4,2,2017,1,SATURDAY
472,2017-04-16,3,16,106,16,APRIL,4,2,2017,1,SUNDAY
473,2017-04-17,3,17,107,16,APRIL,4,2,2017,1,MONDAY
474,2017-04-18,3,18,108,16,APRIL,4,2,2017,1,TUESDAY
475,2017-04-19,3,19,109,16,APRIL,4,2,2017,1,WEDNESDAY
476,2017-04-20,3,20,110,16,APRIL,4,2,2017,1,THURSDAY
477,2017-04-21,3,21,111,16,APRIL,4,2,2017,1,FRIDAY
478,2017-04-22,4,22,112,16,APRIL,4,2,2017,1,SATURDAY
479,2017-04-23,4,23,113,17,APRIL,4,2,2017,1,SUNDAY
480,2017-04-24,4,24,114,17,APRIL,4,2,2017,1,MONDAY
481,2017-04-25,4,25,115,17,APRIL,4,2,2017,1,TUESDAY
482,2017-04-26,4,26,116,17,APRIL,4,2,2017,1,WEDNESDAY
483,2017-04-27,4,27,117,17,APRIL,4,2,2017,1,THURSDAY
484,2017-04-28,4,28,118,17,APRIL,4,2,2017,1,FRIDAY
485,2017-04-29,5,29,119,17,APRIL,4,2,2017,1,SATURDAY
486,2017-04-30,5,30,120,18,APRIL,4,2,2017,1,SUNDAY
487,2017-05-01,1,1,121,18,MAY,5,2,2017,1,MONDAY
488,2017-05-02,1,2,122,18,MAY,5,2,2017,1,TUESDAY
489,2017-05-03,1,3,123,18,MAY,5,2,2017,1,WEDNESDAY
490,2017-05-04,1,4,124,18,MAY,5,2,2017,1,THURSDAY
491,2017-05-05,1,5,125,18,MAY,5,2,2017,1,FRIDAY
492,2017-05-06,1,6,126,18,MAY,5,2,2017,1,SATURDAY
493,2017-05-07,1,7,127,19,MAY,5,2,2017,1,SUNDAY
494,2017-05-08,2,8,128,19,MAY,5,2,2017,1,MONDAY
495,2017-05-09,2,9,129,19,MAY,5,2,2017,1,TUESDAY
496,2017-05-10,2,10,130,19,MAY,5,2,2017,1,WEDNESDAY
497,2017-05-11,2,11,131,19,MAY,5,2,2017,1,THURSDAY
498,2017-05-12,2,12,132,19,MAY,5,2,2017,1,FRIDAY
499,2017-05-13,2,13,133,19,MAY,5,2,2017,1,SATURDAY
500,2017-05-14,2,14,134,20,MAY,5,2,2017,1,SUNDAY
501,2017-05-15,3,15,135,20,MAY,5,2,2017,1,MONDAY
502,2017-05-16,3,16,136,20,MAY,5,2,2017,1,TUESDAY
503,2017-05-17,3,17,137,20,MAY,5,2,2017,1,WEDNESDAY
504,2017-05-18,3,18,138,20,MAY,5,2,2017,1,THURSDAY
505,2017-05-19,3,19,139,20,MAY,5,2,2017,1,FRIDAY
506,2017-05-20,3,20,140,20,MAY,5,2,2017,1,SATURDAY
507,2017-05-21,3,21,141,21,MAY,5,2,2017,1,SUNDAY
508,2017-05-22,4,22,142,21,MAY,5,2,2017,1,MONDAY
509,2017-05-23,4,23,143,21,MAY,5,2,2017,1,TUESDAY
510,2017-05-24,4,24,144,21,MAY,5,2,2017,1,WEDNESDAY
511,2017-05-25,4,25,145,21,MAY,5,2,2017,1,THURSDAY
512,2017-05-26,4,26,146,21,MAY,5,2,2017,1,FRIDAY
513,2017-05-27,4,27,147,21,MAY,5,2,2017,1,SATURDAY
514,2017-05-28,4,28,148,22,MAY,5,2,2017,1,SUNDAY
515,2017-05-29,5,29,149,22,MAY,5,2,2017,1,MONDAY
516,2017-05-30,5,30,150,22,MAY,5,2,2017,1,TUESDAY
517,2017-05-31,5,31,151,22,MAY,5,2,2017,1,WEDNESDAY
518,2017-06-01,1,1,152,22,JUNE,6,2,2017,1,THURSDAY
519,2017-06-02,1,2,153,22,JUNE,6,2,2017,1,FRIDAY
520,2017-06-03,1,3,154,22,JUNE,6,2,2017,1,SATURDAY
521,2017-06-04,1,4,155,23,JUNE,6,2,2017,1,SUNDAY
522,2017-06-05,1,5,156,23,JUNE,6,2,2017,1,MONDAY
523,2017-06-06,1,6,157,23,JUNE,6,2,2017,1,TUESDAY
524,2017-06-07,1,7,158,23,JUNE,6,2,2017,1,WEDNESDAY
525,2017-06-08,2,8,159,23,JUNE,6,2,2017,1,THURSDAY
526,2017-06-09,2,9,160,23,JUNE,6,2,2017,1,FRIDAY
527,2017-06-10,2,10,161,23,JUNE,6,2,2017,1,SATURDAY
528,2017-06-11,2,11,162,24,JUNE,6,2,2017,1,SUNDAY
529,2017-06-12,2,12,163,24,JUNE,6,2,2017,1,MONDAY
530,2017-06-13,2,13,164,24,JUNE,6,2,2017,1,TUESDAY
531,2017-06-14,2,14,165,24,JUNE,6,2,2017,1,WEDNESDAY
532,2017-06-15,3,15,166,24,JUNE,6,2,2017,1,THURSDAY
533,2017-06-16,3,16,167,24,JUNE,6,2,2017,1,FRIDAY
534,2017-06-17,3,17,168,24,JUNE,6,2,2017,1,SATURDAY
535,2017-06-18,3,18,169,25,JUNE,6,2,2017,1,SUNDAY
536,2017-06-19,3,19,170,25,JUNE,6,2,2017,1,MONDAY
537,2017-06-20,3,20,171,25,JUNE,6,2,2017,1,TUESDAY
538,2017-06-21,3,21,172,25,JUNE,6,2,2017,1,WEDNESDAY
539,2017-06-22,4,22,173,25,JUNE,6,2,2017,1,THURSDAY
540,2017-06-23,4,23,174,25,JUNE,6,2,2017,1,FRIDAY
541,2017-06-24,4,24,175,25,JUNE,6,2,2017,1,SATURDAY
542,2017-06-25,4,25,176,26,JUNE,6,2,2017,1,SUNDAY
543,2017-06-26,4,26,177,26,JUNE,6,2,2017,1,MONDAY
544,2017-06-27,4,27,178,26,JUNE,6,2,2017,1,TUESDAY
545,2017-06-28,4,28,179,26,JUNE,6,2,2017,1,WEDNESDAY
546,2017-06-29,5,29,180,26,JUNE,6,2,2017,1,THURSDAY
547,2017-06-30,5,30,181,26,JUNE,6,2,2017,1,FRIDAY
548,2017-07-01,1,1,182,26,JULY,7,3,2017,2,SATURDAY
549,2017-07-02,1,2,183,27,JULY,7,3,2017,2,SUNDAY
550,2017-07-03,1,3,184,27,JULY,7,3,2017,2,MONDAY
551,2017-07-04,1,4,185,27,JULY,7,3,2017,2,TUESDAY
552,2017-07-05,1,5,186,27,JULY,7,3,2017,2,WEDNESDAY
553,2017-07-06,1,6,187,27,JULY,7,3,2017,2,THURSDAY
554,2017-07-07,1,7,188,27,JULY,7,3,2017,2,FRIDAY
555,2017-07-08,2,8,189,27,JULY,7,3,2017,2,SATURDAY
556,2017-07-09,2,9,190,28,JULY,7,3,2017,2,SUNDAY
557,2017-07-10,2,10,191,28,JULY,7,3,2017,2,MONDAY
558,2017-07-11,2,11,192,28,JULY,7,3,2017,2,TUESDAY
559,2017-07-12,2,12,193,28,JULY,7,3,2017,2,WEDNESDAY
560,2017-07-13,2,13,194,28,JULY,7,3,2017,2,THURSDAY
561,2017-07-14,2,14,195,28,JULY,7,3,2017,2,FRIDAY
562,2017-07-15,3,15,196,28,JULY,7,3,2017,2,SATURDAY
563,2017-07-16,3,16,197,29,JULY,7,3,2017,2,SUNDAY
564,2017-07-17,3,17,198,29,JULY,7,3,2017,2,MONDAY
565,2017-07-18,3,18,199,29,JULY,7,3,2017,2,TUESDAY
566,2017-07-19,3,19,200,29,JULY,7,3,2017,2,WEDNESDAY
567,2017-07-20,3,20,201,29,JULY,7,3,2017,2,THURSDAY
568,2017-07-21,3,21,202,29,JULY,7,3,2017,2,FRIDAY
569,2017-07-22,4,22,203,29,JULY,7,3,2017,2,SATURDAY
570,2017-07-23,4,23,204,30,JULY,7,3,2017,2,SUNDAY
571,2017-07-24,4,24,205,30,JULY,7,3,2017,2,MONDAY
572,2017-07-25,4,25,206,30,JULY,7,3,2017,2,TUESDAY
573,2017-07-26,4,26,207,30,JULY,7,3,2017,2,WEDNESDAY
574,2017-07-27,4,27,208,30,JULY,7,3,2017,2,THURSDAY
575,2017-07-28,4,28,209,30,JULY,7,3,2017,2,FRIDAY
576,2017-07-29,5,29,210,30,JULY,7,3,2017,2,SATURDAY
577,2017-07-30,5,30,211,31,JULY,7,3,2017,2,SUNDAY
578,2017-07-31,5,31,212,31,JULY,7,3,2017,2,MONDAY
579,2017-08-01,1,1,213,31,AUGUST,8,3,2017,2,TUESDAY
580,2017-08-02,1,2,214,31,AUGUST,8,3,2017,2,WEDNESDAY
581,2017-08-03,1,3,215,31,AUGUST,8,3,2017,2,THURSDAY
582,2017-08-04,1,4,216,31,AUGUST,8,3,2017,2,FRIDAY
583,2017-08-05,1,5,217,31,AUGUST,8,3,2017,2,SATURDAY
584,2017-08-06,1,6,218,32,AUGUST,8,3,2017,2,SUNDAY
585,2017-08-07,1,7,219,32,AUGUST,8,3,2017,2,MONDAY
586,2017-08-08,2,8,220,32,AUGUST,8,3,2017,2,TUESDAY
587,2017-08-09,2,9,221,32,AUGUST,8,3,2017,2,WEDNESDAY
588,2017-08-10,2,10,222,32,AUGUST,8,3,2017,2,THURSDAY
589,2017-08-11,2,11,223,32,AUGUST,8,3,2017,2,FRIDAY
590,2017-08-12,2,12,224,32,AUGUST,8,3,2017,2,SATURDAY
591,2017-08-13,2,13,225,33,AUGUST,8,3,2017,2,SUNDAY
592,2017-08-14,2,14,226,33,AUGUST,8,3,2017,2,MONDAY
593,2017-08-15,3,15,227,33,AUGUST,8,3,2017,2,TUESDAY
594,2017-08-16,3,16,228,33,AUGUST,8,3,2017,2,WEDNESDAY
595,2017-08-17,3,17,229,33,AUGUST,8,3,2017,2,THURSDAY
596,2017-08-18,3,18,230,33,AUGUST,8,3,2017,2,FRIDAY
597,2017-08-19,3,19,231,33,AUGUST,8,3,2017,2,SATURDAY
598,2017-08-20,3,20,232,34,AUGUST,8,3,2017,2,SUNDAY
599,2017-08-21,3,21,233,34,AUGUST,8,3,2017,2,MONDAY
600,2017-08-22,4,22,234,34,AUGUST,8,3,2017,2,TUESDAY
601,2017-08-23,4,23,235,34,AUGUST,8,3,2017,2,WEDNESDAY
602,2017-08-24,4,24,236,34,AUGUST,8,3,2017,2,THURSDAY
603,2017-08-25,4,25,237,34,AUGUST,8,3,2017,2,FRIDAY
604,2017-08-26,4,26,238,34,AUGUST,8,3,2017,2,SATURDAY
605,2017-08-27,4,27,239,35,AUGUST,8,3,2017,2,SUNDAY
606,2017-08-28,4,28,240,35,AUGUST,8,3,2017,2,MONDAY
607,2017-08-29,5,29,241,35,AUGUST,8,3,2017,2,TUESDAY
608,2017-08-30,5,30,242,35,AUGUST,8,3,2017,2,WEDNESDAY
609,2017-08-31,5,31,243,35,AUGUST,8,3,2017,2,THURSDAY
610,2017-09-01,1,1,244,35,SEPTEMBER,9,3,2017,2,FRIDAY
611,2017-09-02,1,2,245,35,SEPTEMBER,9,3,2017,2,SATURDAY
612,2017-09-03,1,3,246,36,SEPTEMBER,9,3,2017,2,SUNDAY
613,2017-09-04,1,4,247,36,SEPTEMBER,9,3,2017,2,MONDAY
614,2017-09-05,1,5,248,36,SEPTEMBER,9,3,2017,2,TUESDAY
615,2017-09-06,1,6,249,36,SEPTEMBER,9,3,2017,2,WEDNESDAY
616,2017-09-07,1,7,250,36,SEPTEMBER,9,3,2017,2,THURSDAY
617,2017-09-08,2,8,251,36,SEPTEMBER,9,3,2017,2,FRIDAY
618,2017-09-09,2,9,252,36,SEPTEMBER,9,3,2017,2,SATURDAY
619,2017-09-10,2,10,253,37,SEPTEMBER,9,3,2017,2,SUNDAY
620,2017-09-11,2,11,254,37,SEPTEMBER,9,3,2017,2,MONDAY
621,2017-09-12,2,12,255,37,SEPTEMBER,9,3,2017,2,TUESDAY
622,2017-09-13,2,13,256,37,SEPTEMBER,9,3,2017,2,WEDNESDAY
623,2017-09-14,2,14,257,37,SEPTEMBER,9,3,2017,2,THURSDAY
624,2017-09-15,3,15,258,37,SEPTEMBER,9,3,2017,2,FRIDAY
625,2017-09-16,3,16,259,37,SEPTEMBER,9,3,2017,2,SATURDAY
626,2017-09-17,3,17,260,38,SEPTEMBER,9,3,2017,2,SUNDAY
627,2017-09-18,3,18,261,38,SEPTEMBER,9,3,2017,2,MONDAY
628,2017-09-19,3,19,262,38,SEPTEMBER,9,3,2017,2,TUESDAY
629,2017-09-20,3,20,263,38,SEPTEMBER,9,3,2017,2,WEDNESDAY
630,2017-09-21,3,21,264,38,SEPTEMBER,9,3,2017,2,THURSDAY
631,2017-09-22,4,22,265,38,SEPTEMBER,9,3,2017,2,FRIDAY
632,2017-09-23,4,23,266,38,SEPTEMBER,9,3,2017,2,SATURDAY
633,2017-09-24,4,24,267,39,SEPTEMBER,9,3,2017,2,SUNDAY
634,2017-09-25,4,25,268,39,SEPTEMBER,9,3,2017,2,MONDAY
635,2017-09-26,4,26,269,39,SEPTEMBER,9,3,2017,2,TUESDAY
636,2017-09-27,4,27,270,39,SEPTEMBER,9,3,2017,2,WEDNESDAY
637,2017-09-28,4,28,271,39,SEPTEMBER,9,3,2017,2,THURSDAY
638,2017-09-29,5,29,272,39,SEPTEMBER,9,3,2017,2,FRIDAY
639,2017-09-30,5,30,273,39,SEPTEMBER,9,3,2017,2,SATURDAY
640,2017-10-01,1,1,274,40,OCTOBER,10,4,2017,2,SUNDAY
641,2017-10-02,1,2,275,40,OCTOBER,10,4,2017,2,MONDAY
642,2017-10-03,1,3,276,40,OCTOBER,10,4,2017,2,TUESDAY
643,2017-10-04,1,4,277,40,OCTOBER,10,4,2017,2,WEDNESDAY
644,2017-10-05,1,5,278,40,OCTOBER,10,4,2017,2,THURSDAY
645,2017-10-06,1,6,279,40,OCTOBER,10,4,2017,2,FRIDAY
646,2017-10-07,1,7,280,40,OCTOBER,10,4,2017,2,SATURDAY
647,2017-10-08,2,8,281,41,OCTOBER,10,4,2017,2,SUNDAY
648,2017-10-09,2,9,282,41,OCTOBER,10,4,2017,2,MONDAY
649,2017-10-10,2,10,283,41,OCTOBER,10,4,2017,2,TUESDAY
650,2017-10-11,2,11,284,41,OCTOBER,10,4,2017,2,WEDNESDAY
651,2017-10-12,2,12,285,41,OCTOBER,10,4,2017,2,THURSDAY
652,2017-10-13,2,13,286,41,OCTOBER,10,4,2017,2,FRIDAY
653,2017-10-14,2,14,287,41,OCTOBER,10,4,2017,2,SATURDAY
654,2017-10-15,3,15,288,42,OCTOBER,10,4,2017,2,SUNDAY
655,2017-10-16,3,16,289,42,OCTOBER,10,4,2017,2,MONDAY
656,2017-10-17,3,17,290,42,OCTOBER,10,4,2017,2,TUESDAY
657,2017-10-18,3,18,291,42,OCTOBER,10,4,2017,2,WEDNESDAY
658,2017-10-19,3,19,292,42,OCTOBER,10,4,2017,2,THURSDAY
659,2017-10-20,3,20,293,42,OCTOBER,10,4,2017,2,FRIDAY
660,2017-10-21,3,21,294,42,OCTOBER,10,4,2017,2,SATURDAY
661,2017-10-22,4,22,295,43,OCTOBER,10,4,2017,2,SUNDAY
662,2017-10-23,4,23,296,43,OCTOBER,10,4,2017,2,MONDAY
663,2017-10-24,4,24,297,43,OCTOBER,10,4,2017,2,TUESDAY
664,2017-10-25,4,25,298,43,OCTOBER,10,4,2017,2,WEDNESDAY
665,2017-10-26,4,26,299,43,OCTOBER,10,4,2017,2,THURSDAY
666,2017-10-27,4,27,300,43,OCTOBER,10,4,2017,2,FRIDAY
667,2017-10-28,4,28,301,43,OCTOBER,10,4,2017,2,SATURDAY
668,2017-10-29,5,29,302,44,OCTOBER,10,4,2017,2,SUNDAY
669,2017-10-30,5,30,303,44,OCTOBER,10,4,2017,2,MONDAY
670,2017-10-31,5,31,304,44,OCTOBER,10,4,2017,2,TUESDAY
671,2017-11-01,1,1,305,44,NOVEMBER,11,4,2017,2,WEDNESDAY
672,2017-11-02,1,2,306,44,NOVEMBER,11,4,2017,2,THURSDAY
673,2017-11-03,1,3,307,44,NOVEMBER,11,4,2017,2,FRIDAY
674,2017-11-04,1,4,308,44,NOVEMBER,11,4,2017,2,SATURDAY
675,2017-11-05,1,5,309,45,NOVEMBER,11,4,2017,2,SUNDAY
676,2017-11-06,1,6,310,45,NOVEMBER,11,4,2017,2,MONDAY
677,2017-11-07,1,7,311,45,NOVEMBER,11,4,2017,2,TUESDAY
678,2017-11-08,2,8,312,45,NOVEMBER,11,4,2017,2,WEDNESDAY
679,2017-11-09,2,9,313,45,NOVEMBER,11,4,2017,2,THURSDAY
680,2017-11-10,2,10,314,45,NOVEMBER,11,4,2017,2,FRIDAY
681,2017-11-11,2,11,315,45,NOVEMBER,11,4,2017,2,SATURDAY
682,2017-11-12,2,12,316,46,NOVEMBER,11,4,2017,2,SUNDAY
683,2017-11-13,2,13,317,46,NOVEMBER,11,4,2017,2,MONDAY
684,2017-11-14,2,14,318,46,NOVEMBER,11,4,2017,2,TUESDAY
685,2017-11-15,3,15,319,46,NOVEMBER,11,4,2017,2,WEDNESDAY
686,2017-11-16,3,16,320,46,NOVEMBER,11,4,2017,2,THURSDAY
687,2017-11-17,3,17,321,46,NOVEMBER,11,4,2017,2,FRIDAY
688,2017-11-18,3,18,322,46,NOVEMBER,11,4,2017,2,SATURDAY
689,2017-11-19,3,19,323,47,NOVEMBER,11,4,2017,2,SUNDAY
690,2017-11-20,3,20,324,47,NOVEMBER,11,4,2017,2,MONDAY
691,2017-11-21,3,21,325,47,NOVEMBER,11,4,2017,2,TUESDAY
692,2017-11-22,4,22,326,47,NOVEMBER,11,4,2017,2,WEDNESDAY
693,2017-11-23,4,23,327,47,NOVEMBER,11,4,2017,2,THURSDAY
694,2017-11-24,4,24,328,47,NOVEMBER,11,4,2017,2,FRIDAY
695,2017-11-25,4,25,329,47,NOVEMBER,11,4,2017,2,SATURDAY
696,2017-11-26,4,26,330,48,NOVEMBER,11,4,2017,2,SUNDAY
697,2017-11-27,4,27,331,48,NOVEMBER,11,4,2017,2,MONDAY
698,2017-11-28,4,28,332,48,NOVEMBER,11,4,2017,2,TUESDAY
699,2017-11-29,5,29,333,48,NOVEMBER,11,4,2017,2,WEDNESDAY
700,2017-11-30,5,30,334,48,NOVEMBER,11,4,2017,2,THURSDAY
701,2017-12-01,1,1,335,48,DECEMBER,12,4,2017,2,FRIDAY
702,2017-12-02,1,2,336,48,DECEMBER,12,4,2017,2,SATURDAY
703,2017-12-03,1,3,337,49,DECEMBER,12,4,2017,2,SUNDAY
704,2017-12-04,1,4,338,49,DECEMBER,12,4,2017,2,MONDAY
705,2017-12-05,1,5,339,49,DECEMBER,12,4,2017,2,TUESDAY
706,2017-12-06,1,6,340,49,DECEMBER,12,4,2017,2,WEDNESDAY
707,2017-12-07,1,7,341,49,DECEMBER,12,4,2017,2,THURSDAY
708,2017-12-08,2,8,342,49,DECEMBER,12,4,2017,2,FRIDAY
709,2017-12-09,2,9,343,49,DECEMBER,12,4,2017,2,SATURDAY
710,2017-12-10,2,10,344,50,DECEMBER,12,4,2017,2,SUNDAY
711,2017-12-11,2,11,345,50,DECEMBER,12,4,2017,2,MONDAY
712,2017-12-12,2,12,346,50,DECEMBER,12,4,2017,2,TUESDAY
713,2017-12-13,2,13,347,50,DECEMBER,12,4,2017,2,WEDNESDAY
714,2017-12-14,2,14,348,50,DECEMBER,12,4,2017,2,THURSDAY
715,2017-12-15,3,15,349,50,DECEMBER,12,4,2017,2,FRIDAY
716,2017-12-16,3,16,350,50,DECEMBER,12,4,2017,2,SATURDAY
717,2017-12-17,3,17,351,51,DECEMBER,12,4,2017,2,SUNDAY
718,2017-12-18,3,18,352,51,DECEMBER,12,4,2017,2,MONDAY
719,2017-12-19,3,19,353,51,DECEMBER,12,4,2017,2,TUESDAY
720,2017-12-20,3,20,354,51,DECEMBER,12,4,2017,2,WEDNESDAY
721,2017-12-21,3,21,355,51,DECEMBER,12,4,2017,2,THURSDAY
722,2017-12-22,4,22,356,51,DECEMBER,12,4,2017,2,FRIDAY
723,2017-12-23,4,23,357,51,DECEMBER,12,4,2017,2,SATURDAY
724,2017-12-24,4,24,358,52,DECEMBER,12,4,2017,2,SUNDAY
725,2017-12-25,4,25,359,52,DECEMBER,12,4,2017,2,MONDAY
726,2017-12-26,4,26,360,52,DECEMBER,12,4,2017,2,TUESDAY
727,2017-12-27,4,27,361,52,DECEMBER,12,4,2017,2,WEDNESDAY
728,2017-12-28,4,28,362,52,DECEMBER,12,4,2017,2,THURSDAY
729,2017-12-29,5,29,363,52,DECEMBER,12,4,2017,2,FRIDAY
730,2017-12-30,5,30,364,52,DECEMBER,12,4,2017,2,SATURDAY
731,2017-12-31,5,31,365,1,DECEMBER,12,4,2017,2,SUNDAY
732,2018-01-01,1,1,1,1,JANUARY,1,1,2018,1,MONDAY
733,2018-01-02,1,2,2,1,JANUARY,1,1,2018,1,TUESDAY
734,2018-01-03,1,3,3,1,JANUARY,1,1,2018,1,WEDNESDAY
735,2018-01-04,1,4,4,1,JANUARY,1,1,2018,1,THURSDAY
736,2018-01-05,1,5,5,1,JANUARY,1,1,2018,1,FRIDAY
737,2018-01-06,1,6,6,1,JANUARY,1,1,2018,1,SATURDAY
738,2018-01-07,1,7,7,2,JANUARY,1,1,2018,1,SUNDAY
739,2018-01-08,2,8,8,2,JANUARY,1,1,2018,1,MONDAY
740,2018-01-09,2,9,9,2,JANUARY,1,1,2018,1,TUESDAY
741,2018-01-10,2,10,10,2,JANUARY,1,1,2018,1,WEDNESDAY
742,2018-01-11,2,11,11,2,JANUARY,1,1,2018,1,THURSDAY
743,2018-01-12,2,12,12,2,JANUARY,1,1,2018,1,FRIDAY
744,2018-01-13,2,13,13,2,JANUARY,1,1,2018,1,SATURDAY
745,2018-01-14,2,14,14,3,JANUARY,1,1,2018,1,SUNDAY
746,2018-01-15,3,15,15,3,JANUARY,1,1,2018,1,MONDAY
747,2018-01-16,3,16,16,3,JANUARY,1,1,2018,1,TUESDAY
748,2018-01-17,3,17,17,3,JANUARY,1,1,2018,1,WEDNESDAY
749,2018-01-18,3,18,18,3,JANUARY,1,1,2018,1,THURSDAY
750,2018-01-19,3,19,19,3,JANUARY,1,1,2018,1,FRIDAY
751,2018-01-20,3,20,20,3,JANUARY,1,1,2018,1,SATURDAY
752,2018-01-21,3,21,21,4,JANUARY,1,1,2018,1,SUNDAY
753,2018-01-22,4,22,22,4,JANUARY,1,1,2018,1,MONDAY
754,2018-01-23,4,23,23,4,JANUARY,1,1,2018,1,TUESDAY
755,2018-01-24,4,24,24,4,JANUARY,1,1,2018,1,WEDNESDAY
756,2018-01-25,4,25,25,4,JANUARY,1,1,2018,1,THURSDAY
757,2018-01-26,4,26,26,4,JANUARY,1,1,2018,1,FRIDAY
758,2018-01-27,4,27,27,4,JANUARY,1,1,2018,1,SATURDAY
759,2018-01-28,4,28,28,5,JANUARY,1,1,2018,1,SUNDAY
760,2018-01-29,5,29,29,5,JANUARY,1,1,2018,1,MONDAY
761,2018-01-30,5,30,30,5,JANUARY,1,1,2018,1,TUESDAY
762,2018-01-31,5,31,31,5,JANUARY,1,1,2018,1,WEDNESDAY
763,2018-02-01,1,1,32,5,FEBRUARY,2,1,2018,1,THURSDAY
764,2018-02-02,1,2,33,5,FEBRUARY,2,1,2018,1,FRIDAY
765,2018-02-03,1,3,34,5,FEBRUARY,2,1,2018,1,SATURDAY
766,2018-02-04,1,4,35,6,FEBRUARY,2,1,2018,1,SUNDAY
767,2018-02-05,1,5,36,6,FEBRUARY,2,1,2018,1,MONDAY
768,2018-02-06,1,6,37,6,FEBRUARY,2,1,2018,1,TUESDAY
769,2018-02-07,1,7,38,6,FEBRUARY,2,1,2018,1,WEDNESDAY
770,2018-02-08,2,8,39,6,FEBRUARY,2,1,2018,1,THURSDAY
771,2018-02-09,2,9,40,6,FEBRUARY,2,1,2018,1,FRIDAY
772,2018-02-10,2,10,41,6,FEBRUARY,2,1,2018,1,SATURDAY
773,2018-02-11,2,11,42,7,FEBRUARY,2,1,2018,1,SUNDAY
774,2018-02-12,2,12,43,7,FEBRUARY,2,1,2018,1,MONDAY
775,2018-02-13,2,13,44,7,FEBRUARY,2,1,2018,1,TUESDAY
776,2018-02-14,2,14,45,7,FEBRUARY,2,1,2018,1,WEDNESDAY
777,2018-02-15,3,15,46,7,FEBRUARY,2,1,2018,1,THURSDAY
778,2018-02-16,3,16,47,7,FEBRUARY,2,1,2018,1,FRIDAY
779,2018-02-17,3,17,48,7,FEBRUARY,2,1,2018,1,SATURDAY
780,2018-02-18,3,18,49,8,FEBRUARY,2,1,2018,1,SUNDAY
781,2018-02-19,3,19,50,8,FEBRUARY,2,1,2018,1,MONDAY
782,2018-02-20,3,20,51,8,FEBRUARY,2,1,2018,1,TUESDAY
783,2018-02-21,3,21,52,8,FEBRUARY,2,1,2018,1,WEDNESDAY
784,2018-02-22,4,22,53,8,FEBRUARY,2,1,2018,1,THURSDAY
785,2018-02-23,4,23,54,8,FEBRUARY,2,1,2018,1,FRIDAY
786,2018-02-24,4,24,55,8,FEBRUARY,2,1,2018,1,SATURDAY
787,2018-02-25,4,25,56,9,FEBRUARY,2,1,2018,1,SUNDAY
788,2018-02-26,4,26,57,9,FEBRUARY,2,1,2018,1,MONDAY
789,2018-02-27,4,27,58,9,FEBRUARY,2,1,2018,1,TUESDAY
790,2018-02-28,4,28,59,9,FEBRUARY,2,1,2018,1,WEDNESDAY
791,2018-03-01,1,1,60,9,MARCH,3,1,2018,1,THURSDAY
792,2018-03-02,1,2,61,9,MARCH,3,1,2018,1,FRIDAY
793,2018-03-03,1,3,62,9,MARCH,3,1,2018,1,SATURDAY
794,2018-03-04,1,4,63,10,MARCH,3,1,2018,1,SUNDAY
795,2018-03-05,1,5,64,10,MARCH,3,1,2018,1,MONDAY
796,2018-03-06,1,6,65,10,MARCH,3,1,2018,1,TUESDAY
797,2018-03-07,1,7,66,10,MARCH,3,1,2018,1,WEDNESDAY
798,2018-03-08,2,8,67,10,MARCH,3,1,2018,1,THURSDAY
799,2018-03-09,2,9,68,10,MARCH,3,1,2018,1,FRIDAY
800,2018-03-10,2,10,69,10,MARCH,3,1,2018,1,SATURDAY
801,2018-03-11,2,11,70,11,MARCH,3,1,2018,1,SUNDAY
802,2018-03-12,2,12,71,11,MARCH,3,1,2018,1,MONDAY
803,2018-03-13,2,13,72,11,MARCH,3,1,2018,1,TUESDAY
804,2018-03-14,2,14,73,11,MARCH,3,1,2018,1,WEDNESDAY
805,2018-03-15,3,15,74,11,MARCH,3,1,2018,1,THURSDAY
806,2018-03-16,3,16,75,11,MARCH,3,1,2018,1,FRIDAY
807,2018-03-17,3,17,76,11,MARCH,3,1,2018,1,SATURDAY
808,2018-03-18,3,18,77,12,MARCH,3,1,2018,1,SUNDAY
809,2018-03-19,3,19,78,12,MARCH,3,1,2018,1,MONDAY
810,2018-03-20,3,20,79,12,MARCH,3,1,2018,1,TUESDAY
811,2018-03-21,3,21,80,12,MARCH,3,1,2018,1,WEDNESDAY
812,2018-03-22,4,22,81,12,MARCH,3,1,2018,1,THURSDAY
813,2018-03-23,4,23,82,12,MARCH,3,1,2018,1,FRIDAY
814,2018-03-24,4,24,83,12,MARCH,3,1,2018,1,SATURDAY
815,2018-03-25,4,25,84,13,MARCH,3,1,2018,1,SUNDAY
816,2018-03-26,4,26,85,13,MARCH,3,1,2018,1,MONDAY
817,2018-03-27,4,27,86,13,MARCH,3,1,2018,1,TUESDAY
818,2018-03-28,4,28,87,13,MARCH,3,1,2018,1,WEDNESDAY
819,2018-03-29,5,29,88,13,MARCH,3,1,2018,1,THURSDAY
820,2018-03-30,5,30,89,13,MARCH,3,1,2018,1,FRIDAY
821,2018-03-31,5,31,90,13,MARCH,3,1,2018,1,SATURDAY
822,2018-04-01,1,1,91,14,APRIL,4,2,2018,1,SUNDAY
823,2018-04-02,1,2,92,14,APRIL,4,2,2018,1,MONDAY
824,2018-04-03,1,3,93,14,APRIL,4,2,2018,1,TUESDAY
825,2018-04-04,1,4,94,14,APRIL,4,2,2018,1,WEDNESDAY
826,2018-04-05,1,5,95,14,APRIL,4,2,2018,1,THURSDAY
827,2018-04-06,1,6,96,14,APRIL,4,2,2018,1,FRIDAY
828,2018-04-07,1,7,97,14,APRIL,4,2,2018,1,SATURDAY
829,2018-04-08,2,8,98,15,APRIL,4,2,2018,1,SUNDAY
830,2018-04-09,2,9,99,15,APRIL,4,2,2018,1,MONDAY
831,2018-04-10,2,10,100,15,APRIL,4,2,2018,1,TUESDAY
832,2018-04-11,2,11,101,15,APRIL,4,2,2018,1,WEDNESDAY
833,2018-04-12,2,12,102,15,APRIL,4,2,2018,1,THURSDAY
834,2018-04-13,2,13,103,15,APRIL,4,2,2018,1,FRIDAY
835,2018-04-14,2,14,104,15,APRIL,4,2,2018,1,SATURDAY
836,2018-04-15,3,15,105,16,APRIL,4,2,2018,1,SUNDAY
837,2018-04-16,3,16,106,16,APRIL,4,2,2018,1,MONDAY
838,2018-04-17,3,17,107,16,APRIL,4,2,2018,1,TUESDAY
839,2018-04-18,3,18,108,16,APRIL,4,2,2018,1,WEDNESDAY
840,2018-04-19,3,19,109,16,APRIL,4,2,2018,1,THURSDAY
841,2018-04-20,3,20,110,16,APRIL,4,2,2018,1,FRIDAY
842,2018-04-21,3,21,111,16,APRIL,4,2,2018,1,SATURDAY
843,2018-04-22,4,22,112,17,APRIL,4,2,2018,1,SUNDAY
844,2018-04-23,4,23,113,17,APRIL,4,2,2018,1,MONDAY
845,2018-04-24,4,24,114,17,APRIL,4,2,2018,1,TUESDAY
846,2018-04-25,4,25,115,17,APRIL,4,2,2018,1,WEDNESDAY
847,2018-04-26,4,26,116,17,APRIL,4,2,2018,1,THURSDAY
848,2018-04-27,4,27,117,17,APRIL,4,2,2018,1,FRIDAY
849,2018-04-28,4,28,118,17,APRIL,4,2,2018,1,SATURDAY
850,2018-04-29,5,29,119,18,APRIL,4,2,2018,1,SUNDAY
851,2018-04-30,5,30,120,18,APRIL,4,2,2018,1,MONDAY
852,2018-05-01,1,1,121,18,MAY,5,2,2018,1,TUESDAY
853,2018-05-02,1,2,122,18,MAY,5,2,2018,1,WEDNESDAY
854,2018-05-03,1,3,123,18,MAY,5,2,2018,1,THURSDAY
855,2018-05-04,1,4,124,18,MAY,5,2,2018,1,FRIDAY
856,2018-05-05,1,5,125,18,MAY,5,2,2018,1,SATURDAY
857,2018-05-06,1,6,126,19,MAY,5,2,2018,1,SUNDAY
858,2018-05-07,1,7,127,19,MAY,5,2,2018,1,MONDAY
859,2018-05-08,2,8,128,19,MAY,5,2,2018,1,TUESDAY
860,2018-05-09,2,9,129,19,MAY,5,2,2018,1,WEDNESDAY
861,2018-05-10,2,10,130,19,MAY,5,2,2018,1,THURSDAY
862,2018-05-11,2,11,131,19,MAY,5,2,2018,1,FRIDAY
863,2018-05-12,2,12,132,19,MAY,5,2,2018,1,SATURDAY
864,2018-05-13,2,13,133,20,MAY,5,2,2018,1,SUNDAY
865,2018-05-14,2,14,134,20,MAY,5,2,2018,1,MONDAY
866,2018-05-15,3,15,135,20,MAY,5,2,2018,1,TUESDAY
867,2018-05-16,3,16,136,20,MAY,5,2,2018,1,WEDNESDAY
868,2018-05-17,3,17,137,20,MAY,5,2,2018,1,THURSDAY
869,2018-05-18,3,18,138,20,MAY,5,2,2018,1,FRIDAY
870,2018-05-19,3,19,139,20,MAY,5,2,2018,1,SATURDAY
871,2018-05-20,3,20,140,21,MAY,5,2,2018,1,SUNDAY
872,2018-05-21,3,21,141,21,MAY,5,2,2018,1,MONDAY
873,2018-05-22,4,22,142,21,MAY,5,2,2018,1,TUESDAY
874,2018-05-23,4,23,143,21,MAY,5,2,2018,1,WEDNESDAY
875,2018-05-24,4,24,144,21,MAY,5,2,2018,1,THURSDAY
876,2018-05-25,4,25,145,21,MAY,5,2,2018,1,FRIDAY
877,2018-05-26,4,26,146,21,MAY,5,2,2018,1,SATURDAY
878,2018-05-27,4,27,147,22,MAY,5,2,2018,1,SUNDAY
879,2018-05-28,4,28,148,22,MAY,5,2,2018,1,MONDAY
880,2018-05-29,5,29,149,22,MAY,5,2,2018,1,TUESDAY
881,2018-05-30,5,30,150,22,MAY,5,2,2018,1,WEDNESDAY
882,2018-05-31,5,31,151,22,MAY,5,2,2018,1,THURSDAY
883,2018-06-01,1,1,152,22,JUNE,6,2,2018,1,FRIDAY
884,2018-06-02,1,2,153,22,JUNE,6,2,2018,1,SATURDAY
885,2018-06-03,1,3,154,23,JUNE,6,2,2018,1,SUNDAY
886,2018-06-04,1,4,155,23,JUNE,6,2,2018,1,MONDAY
887,2018-06-05,1,5,156,23,JUNE,6,2,2018,1,TUESDAY
888,2018-06-06,1,6,157,23,JUNE,6,2,2018,1,WEDNESDAY
889,2018-06-07,1,7,158,23,JUNE,6,2,2018,1,THURSDAY
890,2018-06-08,2,8,159,23,JUNE,6,2,2018,1,FRIDAY
891,2018-06-09,2,9,160,23,JUNE,6,2,2018,1,SATURDAY
892,2018-06-10,2,10,161,24,JUNE,6,2,2018,1,SUNDAY
893,2018-06-11,2,11,162,24,JUNE,6,2,2018,1,MONDAY
894,2018-06-12,2,12,163,24,JUNE,6,2,2018,1,TUESDAY
895,2018-06-13,2,13,164,24,JUNE,6,2,2018,1,WEDNESDAY
896,2018-06-14,2,14,165,24,JUNE,6,2,2018,1,THURSDAY
897,2018-06-15,3,15,166,24,JUNE,6,2,2018,1,FRIDAY
898,2018-06-16,3,16,167,24,JUNE,6,2,2018,1,SATURDAY
899,2018-06-17,3,17,168,25,JUNE,6,2,2018,1,SUNDAY
900,2018-06-18,3,18,169,25,JUNE,6,2,2018,1,MONDAY
901,2018-06-19,3,19,170,25,JUNE,6,2,2018,1,TUESDAY
902,2018-06-20,3,20,171,25,JUNE,6,2,2018,1,WEDNESDAY
903,2018-06-21,3,21,172,25,JUNE,6,2,2018,1,THURSDAY
904,2018-06-22,4,22,173,25,JUNE,6,2,2018,1,FRIDAY
905,2018-06-23,4,23,174,25,JUNE,6,2,2018,1,SATURDAY
906,2018-06-24,4,24,175,26,JUNE,6,2,2018,1,SUNDAY
907,2018-06-25,4,25,176,26,JUNE,6,2,2018,1,MONDAY
908,2018-06-26,4,26,177,26,JUNE,6,2,2018,1,TUESDAY
909,2018-06-27,4,27,178,26,JUNE,6,2,2018,1,WEDNESDAY
910,2018-06-28,4,28,179,26,JUNE,6,2,2018,1,THURSDAY
911,2018-06-29,5,29,180,26,JUNE,6,2,2018,1,FRIDAY
912,2018-06-30,5,30,181,26,JUNE,6,2,2018,1,SATURDAY
913,2018-07-01,1,1,182,27,JULY,7,3,2018,2,SUNDAY
914,2018-07-02,1,2,183,27,JULY,7,3,2018,2,MONDAY
915,2018-07-03,1,3,184,27,JULY,7,3,2018,2,TUESDAY
916,2018-07-04,1,4,185,27,JULY,7,3,2018,2,WEDNESDAY
917,2018-07-05,1,5,186,27,JULY,7,3,2018,2,THURSDAY
918,2018-07-06,1,6,187,27,JULY,7,3,2018,2,FRIDAY
919,2018-07-07,1,7,188,27,JULY,7,3,2018,2,SATURDAY
920,2018-07-08,2,8,189,28,JULY,7,3,2018,2,SUNDAY
921,2018-07-09,2,9,190,28,JULY,7,3,2018,2,MONDAY
922,2018-07-10,2,10,191,28,JULY,7,3,2018,2,TUESDAY
923,2018-07-11,2,11,192,28,JULY,7,3,2018,2,WEDNESDAY
924,2018-07-12,2,12,193,28,JULY,7,3,2018,2,THURSDAY
925,2018-07-13,2,13,194,28,JULY,7,3,2018,2,FRIDAY
926,2018-07-14,2,14,195,28,JULY,7,3,2018,2,SATURDAY
927,2018-07-15,3,15,196,29,JULY,7,3,2018,2,SUNDAY
928,2018-07-16,3,16,197,29,JULY,7,3,2018,2,MONDAY
929,2018-07-17,3,17,198,29,JULY,7,3,2018,2,TUESDAY
930,2018-07-18,3,18,199,29,JULY,7,3,2018,2,WEDNESDAY
931,2018-07-19,3,19,200,29,JULY,7,3,2018,2,THURSDAY
932,2018-07-20,3,20,201,29,JULY,7,3,2018,2,FRIDAY
933,2018-07-21,3,21,202,29,JULY,7,3,2018,2,SATURDAY
934,2018-07-22,4,22,203,30,JULY,7,3,2018,2,SUNDAY
935,2018-07-23,4,23,204,30,JULY,7,3,2018,2,MONDAY
936,2018-07-24,4,24,205,30,JULY,7,3,2018,2,TUESDAY
937,2018-07-25,4,25,206,30,JULY,7,3,2018,2,WEDNESDAY
938,2018-07-26,4,26,207,30,JULY,7,3,2018,2,THURSDAY
939,2018-07-27,4,27,208,30,JULY,7,3,2018,2,FRIDAY
940,2018-07-28,4,28,209,30,JULY,7,3,2018,2,SATURDAY
941,2018-07-29,5,29,210,31,JULY,7,3,2018,2,SUNDAY
942,2018-07-30,5,30,211,31,JULY,7,3,2018,2,MONDAY
943,2018-07-31,5,31,212,31,JULY,7,3,2018,2,TUESDAY
944,2018-08-01,1,1,213,31,AUGUST,8,3,2018,2,WEDNESDAY
945,2018-08-02,1,2,214,31,AUGUST,8,3,2018,2,THURSDAY
946,2018-08-03,1,3,215,31,AUGUST,8,3,2018,2,FRIDAY
947,2018-08-04,1,4,216,31,AUGUST,8,3,2018,2,SATURDAY
948,2018-08-05,1,5,217,32,AUGUST,8,3,2018,2,SUNDAY
949,2018-08-06,1,6,218,32,AUGUST,8,3,2018,2,MONDAY
950,2018-08-07,1,7,219,32,AUGUST,8,3,2018,2,TUESDAY
951,2018-08-08,2,8,220,32,AUGUST,8,3,2018,2,WEDNESDAY
952,2018-08-09,2,9,221,32,AUGUST,8,3,2018,2,THURSDAY
953,2018-08-10,2,10,222,32,AUGUST,8,3,2018,2,FRIDAY
954,2018-08-11,2,11,223,32,AUGUST,8,3,2018,2,SATURDAY
955,2018-08-12,2,12,224,33,AUGUST,8,3,2018,2,SUNDAY
956,2018-08-13,2,13,225,33,AUGUST,8,3,2018,2,MONDAY
957,2018-08-14,2,14,226,33,AUGUST,8,3,2018,2,TUESDAY
958,2018-08-15,3,15,227,33,AUGUST,8,3,2018,2,WEDNESDAY
959,2018-08-16,3,16,228,33,AUGUST,8,3,2018,2,THURSDAY
960,2018-08-17,3,17,229,33,AUGUST,8,3,2018,2,FRIDAY
961,2018-08-18,3,18,230,33,AUGUST,8,3,2018,2,SATURDAY
962,2018-08-19,3,19,231,34,AUGUST,8,3,2018,2,SUNDAY
963,2018-08-20,3,20,232,34,AUGUST,8,3,2018,2,MONDAY
964,2018-08-21,3,21,233,34,AUGUST,8,3,2018,2,TUESDAY
965,2018-08-22,4,22,234,34,AUGUST,8,3,2018,2,WEDNESDAY
966,2018-08-23,4,23,235,34,AUGUST,8,3,2018,2,THURSDAY
967,2018-08-24,4,24,236,34,AUGUST,8,3,2018,2,FRIDAY
968,2018-08-25,4,25,237,34,AUGUST,8,3,2018,2,SATURDAY
969,2018-08-26,4,26,238,35,AUGUST,8,3,2018,2,SUNDAY
970,2018-08-27,4,27,239,35,AUGUST,8,3,2018,2,MONDAY
971,2018-08-28,4,28,240,35,AUGUST,8,3,2018,2,TUESDAY
972,2018-08-29,5,29,241,35,AUGUST,8,3,2018,2,WEDNESDAY
973,2018-08-30,5,30,242,35,AUGUST,8,3,2018,2,THURSDAY
974,2018-08-31,5,31,243,35,AUGUST,8,3,2018,2,FRIDAY
975,2018-09-01,1,1,244,35,SEPTEMBER,9,3,2018,2,SATURDAY
976,2018-09-02,1,2,245,36,SEPTEMBER,9,3,2018,2,SUNDAY
977,2018-09-03,1,3,246,36,SEPTEMBER,9,3,2018,2,MONDAY
978,2018-09-04,1,4,247,36,SEPTEMBER,9,3,2018,2,TUESDAY
979,2018-09-05,1,5,248,36,SEPTEMBER,9,3,2018,2,WEDNESDAY
980,2018-09-06,1,6,249,36,SEPTEMBER,9,3,2018,2,THURSDAY
981,2018-09-07,1,7,250,36,SEPTEMBER,9,3,2018,2,FRIDAY
982,2018-09-08,2,8,251,36,SEPTEMBER,9,3,2018,2,SATURDAY
983,2018-09-09,2,9,252,37,SEPTEMBER,9,3,2018,2,SUNDAY
984,2018-09-10,2,10,253,37,SEPTEMBER,9,3,2018,2,MONDAY
985,2018-09-11,2,11,254,37,SEPTEMBER,9,3,2018,2,TUESDAY
986,2018-09-12,2,12,255,37,SEPTEMBER,9,3,2018,2,WEDNESDAY
987,2018-09-13,2,13,256,37,SEPTEMBER,9,3,2018,2,THURSDAY
988,2018-09-14,2,14,257,37,SEPTEMBER,9,3,2018,2,FRIDAY
989,2018-09-15,3,15,258,37,SEPTEMBER,9,3,2018,2,SATURDAY
990,2018-09-16,3,16,259,38,SEPTEMBER,9,3,2018,2,SUNDAY
991,2018-09-17,3,17,260,38,SEPTEMBER,9,3,2018,2,MONDAY
992,2018-09-18,3,18,261,38,SEPTEMBER,9,3,2018,2,TUESDAY
993,2018-09-19,3,19,262,38,SEPTEMBER,9,3,2018,2,WEDNESDAY
994,2018-09-20,3,20,263,38,SEPTEMBER,9,3,2018,2,THURSDAY
995,2018-09-21,3,21,264,38,SEPTEMBER,9,3,2018,2,FRIDAY
996,2018-09-22,4,22,265,38,SEPTEMBER,9,3,2018,2,SATURDAY
997,2018-09-23,4,23,266,39,SEPTEMBER,9,3,2018,2,SUNDAY
998,2018-09-24,4,24,267,39,SEPTEMBER,9,3,2018,2,MONDAY
999,2018-09-25,4,25,268,39,SEPTEMBER,9,3,2018,2,TUESDAY
1000,2018-09-26,4,26,269,39,SEPTEMBER,9,3,2018,2,WEDNESDAY
1001,2018-09-27,4,27,270,39,SEPTEMBER,9,3,2018,2,THURSDAY
1002,2018-09-28,4,28,271,39,SEPTEMBER,9,3,2018,2,FRIDAY
1003,2018-09-29,5,29,272,39,SEPTEMBER,9,3,2018,2,SATURDAY
1004,2018-09-30,5,30,273,40,SEPTEMBER,9,3,2018,2,SUNDAY
1005,2018-10-01,1,1,274,40,OCTOBER,10,4,2018,2,MONDAY
1006,2018-10-02,1,2,275,40,OCTOBER,10,4,2018,2,TUESDAY
1007,2018-10-03,1,3,276,40,OCTOBER,10,4,2018,2,WEDNESDAY
1008,2018-10-04,1,4,277,40,OCTOBER,10,4,2018,2,THURSDAY
1009,2018-10-05,1,5,278,40,OCTOBER,10,4,2018,2,FRIDAY
1010,2018-10-06,1,6,279,40,OCTOBER,10,4,2018,2,SATURDAY
1011,2018-10-07,1,7,280,41,OCTOBER,10,4,2018,2,SUNDAY
1012,2018-10-08,2,8,281,41,OCTOBER,10,4,2018,2,MONDAY
1013,2018-10-09,2,9,282,41,OCTOBER,10,4,2018,2,TUESDAY
1014,2018-10-10,2,10,283,41,OCTOBER,10,4,2018,2,WEDNESDAY
1015,2018-10-11,2,11,284,41,OCTOBER,10,4,2018,2,THURSDAY
1016,2018-10-12,2,12,285,41,OCTOBER,10,4,2018,2,FRIDAY
1017,2018-10-13,2,13,286,41,OCTOBER,10,4,2018,2,SATURDAY
1018,2018-10-14,2,14,287,42,OCTOBER,10,4,2018,2,SUNDAY
1019,2018-10-15,3,15,288,42,OCTOBER,10,4,2018,2,MONDAY
1020,2018-10-16,3,16,289,42,OCTOBER,10,4,2018,2,TUESDAY
1021,2018-10-17,3,17,290,42,OCTOBER,10,4,2018,2,WEDNESDAY
1022,2018-10-18,3,18,291,42,OCTOBER,10,4,2018,2,THURSDAY
1023,2018-10-19,3,19,292,42,OCTOBER,10,4,2018,2,FRIDAY
1024,2018-10-20,3,20,293,42,OCTOBER,10,4,2018,2,SATURDAY
1025,2018-10-21,3,21,294,43,OCTOBER,10,4,2018,2,SUNDAY
1026,2018-10-22,4,22,295,43,OCTOBER,10,4,2018,2,MONDAY
1027,2018-10-23,4,23,296,43,OCTOBER,10,4,2018,2,TUESDAY
1028,2018-10-24,4,24,297,43,OCTOBER,10,4,2018,2,WEDNESDAY
1029,2018-10-25,4,25,298,43,OCTOBER,10,4,2018,2,THURSDAY
1030,2018-10-26,4,26,299,43,OCTOBER,10,4,2018,2,FRIDAY
1031,2018-10-27,4,27,300,43,OCTOBER,10,4,2018,2,SATURDAY
1032,2018-10-28,4,28,301,44,OCTOBER,10,4,2018,2,SUNDAY
1033,2018-10-29,5,29,302,44,OCTOBER,10,4,2018,2,MONDAY
1034,2018-10-30,5,30,303,44,OCTOBER,10,4,2018,2,TUESDAY
1035,2018-10-31,5,31,304,44,OCTOBER,10,4,2018,2,WEDNESDAY
1036,2018-11-01,1,1,305,44,NOVEMBER,11,4,2018,2,THURSDAY
1037,2018-11-02,1,2,306,44,NOVEMBER,11,4,2018,2,FRIDAY
1038,2018-11-03,1,3,307,44,NOVEMBER,11,4,2018,2,SATURDAY
1039,2018-11-04,1,4,308,45,NOVEMBER,11,4,2018,2,SUNDAY
1040,2018-11-05,1,5,309,45,NOVEMBER,11,4,2018,2,MONDAY
1041,2018-11-06,1,6,310,45,NOVEMBER,11,4,2018,2,TUESDAY
1042,2018-11-07,1,7,311,45,NOVEMBER,11,4,2018,2,WEDNESDAY
1043,2018-11-08,2,8,312,45,NOVEMBER,11,4,2018,2,THURSDAY
1044,2018-11-09,2,9,313,45,NOVEMBER,11,4,2018,2,FRIDAY
1045,2018-11-10,2,10,314,45,NOVEMBER,11,4,2018,2,SATURDAY
1046,2018-11-11,2,11,315,46,NOVEMBER,11,4,2018,2,SUNDAY
1047,2018-11-12,2,12,316,46,NOVEMBER,11,4,2018,2,MONDAY
1048,2018-11-13,2,13,317,46,NOVEMBER,11,4,2018,2,TUESDAY
1049,2018-11-14,2,14,318,46,NOVEMBER,11,4,2018,2,WEDNESDAY
1050,2018-11-15,3,15,319,46,NOVEMBER,11,4,2018,2,THURSDAY
1051,2018-11-16,3,16,320,46,NOVEMBER,11,4,2018,2,FRIDAY
1052,2018-11-17,3,17,321,46,NOVEMBER,11,4,2018,2,SATURDAY
1053,2018-11-18,3,18,322,47,NOVEMBER,11,4,2018,2,SUNDAY
1054,2018-11-19,3,19,323,47,NOVEMBER,11,4,2018,2,MONDAY
1055,2018-11-20,3,20,324,47,NOVEMBER,11,4,2018,2,TUESDAY
1056,2018-11-21,3,21,325,47,NOVEMBER,11,4,2018,2,WEDNESDAY
1057,2018-11-22,4,22,326,47,NOVEMBER,11,4,2018,2,THURSDAY
1058,2018-11-23,4,23,327,47,NOVEMBER,11,4,2018,2,FRIDAY
1059,2018-11-24,4,24,328,47,NOVEMBER,11,4,2018,2,SATURDAY
1060,2018-11-25,4,25,329,48,NOVEMBER,11,4,2018,2,SUNDAY
1061,2018-11-26,4,26,330,48,NOVEMBER,11,4,2018,2,MONDAY
1062,2018-11-27,4,27,331,48,NOVEMBER,11,4,2018,2,TUESDAY
1063,2018-11-28,4,28,332,48,NOVEMBER,11,4,2018,2,WEDNESDAY
1064,2018-11-29,5,29,333,48,NOVEMBER,11,4,2018,2,THURSDAY
1065,2018-11-30,5,30,334,48,NOVEMBER,11,4,2018,2,FRIDAY
1066,2018-12-01,1,1,335,48,DECEMBER,12,4,2018,2,SATURDAY
1067,2018-12-02,1,2,336,49,DECEMBER,12,4,2018,2,SUNDAY
1068,2018-12-03,1,3,337,49,DECEMBER,12,4,2018,2,MONDAY
1069,2018-12-04,1,4,338,49,DECEMBER,12,4,2018,2,TUESDAY
1070,2018-12-05,1,5,339,49,DECEMBER,12,4,2018,2,WEDNESDAY
1071,2018-12-06,1,6,340,49,DECEMBER,12,4,2018,2,THURSDAY
1072,2018-12-07,1,7,341,49,DECEMBER,12,4,2018,2,FRIDAY
1073,2018-12-08,2,8,342,49,DECEMBER,12,4,2018,2,SATURDAY
1074,2018-12-09,2,9,343,50,DECEMBER,12,4,2018,2,SUNDAY
1075,2018-12-10,2,10,344,50,DECEMBER,12,4,2018,2,MONDAY
1076,2018-12-11,2,11,345,50,DECEMBER,12,4,2018,2,TUESDAY
1077,2018-12-12,2,12,346,50,DECEMBER,12,4,2018,2,WEDNESDAY
1078,2018-12-13,2,13,347,50,DECEMBER,12,4,2018,2,THURSDAY
1079,2018-12-14,2,14,348,50,DECEMBER,12,4,2018,2,FRIDAY
1080,2018-12-15,3,15,349,50,DECEMBER,12,4,2018,2,SATURDAY
1081,2018-12-16,3,16,350,51,DECEMBER,12,4,2018,2,SUNDAY
1082,2018-12-17,3,17,351,51,DECEMBER,12,4,2018,2,MONDAY
1083,2018-12-18,3,18,352,51,DECEMBER,12,4,2018,2,TUESDAY
1084,2018-12-19,3,19,353,51,DECEMBER,12,4,2018,2,WEDNESDAY
1085,2018-12-20,3,20,354,51,DECEMBER,12,4,2018,2,THURSDAY
1086,2018-12-21,3,21,355,51,DECEMBER,12,4,2018,2,FRIDAY
1087,2018-12-22,4,22,356,51,DECEMBER,12,4,2018,2,SATURDAY
1088,2018-12-23,4,23,357,52,DECEMBER,12,4,2018,2,SUNDAY
1089,2018-12-24,4,24,358,52,DECEMBER,12,4,2018,2,MONDAY
1090,2018-12-25,4,25,359,52,DECEMBER,12,4,2018,2,TUESDAY
1091,2018-12-26,4,26,360,52,DECEMBER,12,4,2018,2,WEDNESDAY
1092,2018-12-27,4,27,361,52,DECEMBER,12,4,2018,2,THURSDAY
1093,2018-12-28,4,28,362,52,DECEMBER,12,4,2018,2,FRIDAY
1094,2018-12-29,5,29,363,52,DECEMBER,12,4,2018,2,SATURDAY
1095,2018-12-30,5,30,364,1,DECEMBER,12,4,2018,2,SUNDAY
1096,2018-12-31,5,31,365,1,DECEMBER,12,4,2018,2,MONDAY
