date_id,day_number_of_week,day_number_of_month,day_number_of_year,week_number_of_year,month_year,month_number_of_year,calendar_quarter,calendar_year,calendar_semester,day_name
2016-01-01,1,1,1,1,January,1,1,2016,1,Friday
2016-01-02,1,2,2,1,January,1,1,2016,1,Saturday
2016-01-03,1,3,3,2,January,1,1,2016,1,Sunday
2016-01-04,1,4,4,2,January,1,1,2016,1,Monday
2016-01-05,1,5,5,2,January,1,1,2016,1,Tuesday
2016-01-06,1,6,6,2,January,1,1,2016,1,Wednesday
2016-01-07,1,7,7,2,January,1,1,2016,1,Thursday
2016-01-08,2,8,8,2,January,1,1,2016,1,Friday
2016-01-09,2,9,9,2,January,1,1,2016,1,Saturday
2016-01-10,2,10,10,3,January,1,1,2016,1,Sunday
2016-01-11,2,11,11,3,January,1,1,2016,1,Monday
2016-01-12,2,12,12,3,January,1,1,2016,1,Tuesday
2016-01-13,2,13,13,3,January,1,1,2016,1,Wednesday
2016-01-14,2,14,14,3,January,1,1,2016,1,Thursday
2016-01-15,3,15,15,3,January,1,1,2016,1,Friday
2016-01-16,3,16,16,3,January,1,1,2016,1,Saturday
2016-01-17,3,17,17,4,January,1,1,2016,1,Sunday
2016-01-18,3,18,18,4,January,1,1,2016,1,Monday
2016-01-19,3,19,19,4,January,1,1,2016,1,Tuesday
2016-01-20,3,20,20,4,January,1,1,2016,1,Wednesday
2016-01-21,3,21,21,4,January,1,1,2016,1,Thursday
2016-01-22,4,22,22,4,January,1,1,2016,1,Friday
2016-01-23,4,23,23,4,January,1,1,2016,1,Saturday
2016-01-24,4,24,24,5,January,1,1,2016,1,Sunday
2016-01-25,4,25,25,5,January,1,1,2016,1,Monday
2016-01-26,4,26,26,5,January,1,1,2016,1,Tuesday
2016-01-27,4,27,27,5,January,1,1,2016,1,Wednesday
2016-01-28,4,28,28,5,January,1,1,2016,1,Thursday
2016-01-29,5,29,29,5,January,1,1,2016,1,Friday
2016-01-30,5,30,30,5,January,1,1,2016,1,Saturday
2016-01-31,5,31,31,6,January,1,1,2016,1,Sunday
2016-02-01,1,1,32,6,February,2,1,2016,1,Monday
2016-02-02,1,2,33,6,February,2,1,2016,1,Tuesday
2016-02-03,1,3,34,6,February,2,1,2016,1,Wednesday
2016-02-04,1,4,35,6,February,2,1,2016,1,Thursday
2016-02-05,1,5,36,6,February,2,1,2016,1,Friday
2016-02-06,1,6,37,6,February,2,1,2016,1,Saturday
2016-02-07,1,7,38,7,February,2,1,2016,1,Sunday
2016-02-08,2,8,39,7,February,2,1,2016,1,Monday
2016-02-09,2,9,40,7,February,2,1,2016,1,Tuesday
2016-02-10,2,10,41,7,February,2,1,2016,1,Wednesday
2016-02-11,2,11,42,7,February,2,1,2016,1,Thursday
2016-02-12,2,12,43,7,February,2,1,2016,1,Friday
2016-02-13,2,13,44,7,February,2,1,2016,1,Saturday
2016-02-14,2,14,45,8,February,2,1,2016,1,Sunday
2016-02-15,3,15,46,8,February,2,1,2016,1,Monday
2016-02-16,3,16,47,8,February,2,1,2016,1,Tuesday
2016-02-17,3,17,48,8,February,2,1,2016,1,Wednesday
2016-02-18,3,18,49,8,February,2,1,2016,1,Thursday
2016-02-19,3,19,50,8,February,2,1,2016,1,Friday
2016-02-20,3,20,51,8,February,2,1,2016,1,Saturday
2016-02-21,3,21,52,9,February,2,1,2016,1,Sunday
2016-02-22,4,22,53,9,February,2,1,2016,1,Monday
2016-02-23,4,23,54,9,February,2,1,2016,1,Tuesday
2016-02-24,4,24,55,9,February,2,1,2016,1,Wednesday
2016-02-25,4,25,56,9,February,2,1,2016,1,Thursday
2016-02-26,4,26,57,9,February,2,1,2016,1,Friday
2016-02-27,4,27,58,9,February,2,1,2016,1,Saturday
2016-02-28,4,28,59,10,February,2,1,2016,1,Sunday
2016-02-29,5,29,60,10,February,2,1,2016,1,Monday
2016-03-01,1,1,61,10,March,3,1,2016,1,Tuesday
2016-03-02,1,2,62,10,March,3,1,2016,1,Wednesday
2016-03-03,1,3,63,10,March,3,1,2016,1,Thursday
2016-03-04,1,4,64,10,March,3,1,2016,1,Friday
2016-03-05,1,5,65,10,March,3,1,2016,1,Saturday
2016-03-06,1,6,66,11,March,3,1,2016,1,Sunday
2016-03-07,1,7,67,11,March,3,1,2016,1,Monday
2016-03-08,2,8,68,11,March,3,1,2016,1,Tuesday
2016-03-09,2,9,69,11,March,3,1,2016,1,Wednesday
2016-03-10,2,10,70,11,March,3,1,2016,1,Thursday
2016-03-11,2,11,71,11,March,3,1,2016,1,Friday
2016-03-12,2,12,72,11,March,3,1,2016,1,Saturday
2016-03-13,2,13,73,12,March,3,1,2016,1,Sunday
2016-03-14,2,14,74,12,March,3,1,2016,1,Monday
2016-03-15,3,15,75,12,March,3,1,2016,1,Tuesday
2016-03-16,3,16,76,12,March,3,1,2016,1,Wednesday
2016-03-17,3,17,77,12,March,3,1,2016,1,Thursday
2016-03-18,3,18,78,12,March,3,1,2016,1,Friday
2016-03-19,3,19,79,12,March,3,1,2016,1,Saturday
2016-03-20,3,20,80,13,March,3,1,2016,1,Sunday
2016-03-21,3,21,81,13,March,3,1,2016,1,Monday
2016-03-22,4,22,82,13,March,3,1,2016,1,Tuesday
2016-03-23,4,23,83,13,March,3,1,2016,1,Wednesday
2016-03-24,4,24,84,13,March,3,1,2016,1,Thursday
2016-03-25,4,25,85,13,March,3,1,2016,1,Friday
2016-03-26,4,26,86,13,March,3,1,2016,1,Saturday
2016-03-27,4,27,87,14,March,3,1,2016,1,Sunday
2016-03-28,4,28,88,14,March,3,1,2016,1,Monday
2016-03-29,5,29,89,14,March,3,1,2016,1,Tuesday
2016-03-30,5,30,90,14,March,3,1,2016,1,Wednesday
2016-03-31,5,31,91,14,March,3,1,2016,1,Thursday
2016-04-01,1,1,92,14,April,4,2,2016,1,Friday
2016-04-02,1,2,93,14,April,4,2,2016,1,Saturday
2016-04-03,1,3,94,15,April,4,2,2016,1,Sunday
2016-04-04,1,4,95,15,April,4,2,2016,1,Monday
2016-04-05,1,5,96,15,April,4,2,2016,1,Tuesday
2016-04-06,1,6,97,15,April,4,2,2016,1,Wednesday
2016-04-07,1,7,98,15,April,4,2,2016,1,Thursday
2016-04-08,2,8,99,15,April,4,2,2016,1,Friday
2016-04-09,2,9,100,15,April,4,2,2016,1,Saturday
2016-04-10,2,10,101,16,April,4,2,2016,1,Sunday
2016-04-11,2,11,102,16,April,4,2,2016,1,Monday
2016-04-12,2,12,103,16,April,4,2,2016,1,Tuesday
2016-04-13,2,13,104,16,April,4,2,2016,1,Wednesday
2016-04-14,2,14,105,16,April,4,2,2016,1,Thursday
2016-04-15,3,15,106,16,April,4,2,2016,1,Friday
2016-04-16,3,16,107,16,April,4,2,2016,1,Saturday
2016-04-17,3,17,108,17,April,4,2,2016,1,Sunday
2016-04-18,3,18,109,17,April,4,2,2016,1,Monday
2016-04-19,3,19,110,17,April,4,2,2016,1,Tuesday
2016-04-20,3,20,111,17,April,4,2,2016,1,Wednesday
2016-04-21,3,21,112,17,April,4,2,2016,1,Thursday
2016-04-22,4,22,113,17,April,4,2,2016,1,Friday
2016-04-23,4,23,114,17,April,4,2,2016,1,Saturday
2016-04-24,4,24,115,18,April,4,2,2016,1,Sunday
2016-04-25,4,25,116,18,April,4,2,2016,1,Monday
2016-04-26,4,26,117,18,April,4,2,2016,1,Tuesday
2016-04-27,4,27,118,18,April,4,2,2016,1,Wednesday
2016-04-28,4,28,119,18,April,4,2,2016,1,Thursday
2016-04-29,5,29,120,18,April,4,2,2016,1,Friday
2016-04-30,5,30,121,18,April,4,2,2016,1,Saturday
2016-05-01,1,1,122,19,May,5,2,2016,1,Sunday
2016-05-02,1,2,123,19,May,5,2,2016,1,Monday
2016-05-03,1,3,124,19,May,5,2,2016,1,Tuesday
2016-05-04,1,4,125,19,May,5,2,2016,1,Wednesday
2016-05-05,1,5,126,19,May,5,2,2016,1,Thursday
2016-05-06,1,6,127,19,May,5,2,2016,1,Friday
2016-05-07,1,7,128,19,May,5,2,2016,1,Saturday
2016-05-08,2,8,129,20,May,5,2,2016,1,Sunday
2016-05-09,2,9,130,20,May,5,2,2016,1,Monday
2016-05-10,2,10,131,20,May,5,2,2016,1,Tuesday
2016-05-11,2,11,132,20,May,5,2,2016,1,Wednesday
2016-05-12,2,12,133,20,May,5,2,2016,1,Thursday
2016-05-13,2,13,134,20,May,5,2,2016,1,Friday
2016-05-14,2,14,135,20,May,5,2,2016,1,Saturday
2016-05-15,3,15,136,21,May,5,2,2016,1,Sunday
2016-05-16,3,16,137,21,May,5,2,2016,1,Monday
2016-05-17,3,17,138,21,May,5,2,2016,1,Tuesday
2016-05-18,3,18,139,21,May,5,2,2016,1,Wednesday
2016-05-19,3,19,140,21,May,5,2,2016,1,Thursday
2016-05-20,3,20,141,21,May,5,2,2016,1,Friday
2016-05-21,3,21,142,21,May,5,2,2016,1,Saturday
2016-05-22,4,22,143,22,May,5,2,2016,1,Sunday
2016-05-23,4,23,144,22,May,5,2,2016,1,Monday
2016-05-24,4,24,145,22,May,5,2,2016,1,Tuesday
2016-05-25,4,25,146,22,May,5,2,2016,1,Wednesday
2016-05-26,4,26,147,22,May,5,2,2016,1,Thursday
2016-05-27,4,27,148,22,May,5,2,2016,1,Friday
2016-05-28,4,28,149,22,May,5,2,2016,1,Saturday
2016-05-29,5,29,150,23,May,5,2,2016,1,Sunday
2016-05-30,5,30,151,23,May,5,2,2016,1,Monday
2016-05-31,5,31,152,23,May,5,2,2016,1,Tuesday
2016-06-01,1,1,153,23,June,6,2,2016,1,Wednesday
2016-06-02,1,2,154,23,June,6,2,2016,1,Thursday
2016-06-03,1,3,155,23,June,6,2,2016,1,Friday
2016-06-04,1,4,156,23,June,6,2,2016,1,Saturday
2016-06-05,1,5,157,24,June,6,2,2016,1,Sunday
2016-06-06,1,6,158,24,June,6,2,2016,1,Monday
2016-06-07,1,7,159,24,June,6,2,2016,1,Tuesday
2016-06-08,2,8,160,24,June,6,2,2016,1,Wednesday
2016-06-09,2,9,161,24,June,6,2,2016,1,Thursday
2016-06-10,2,10,162,24,June,6,2,2016,1,Friday
2016-06-11,2,11,163,24,June,6,2,2016,1,Saturday
2016-06-12,2,12,164,25,June,6,2,2016,1,Sunday
2016-06-13,2,13,165,25,June,6,2,2016,1,Monday
2016-06-14,2,14,166,25,June,6,2,2016,1,Tuesday
2016-06-15,3,15,167,25,June,6,2,2016,1,Wednesday
2016-06-16,3,16,168,25,June,6,2,2016,1,Thursday
2016-06-17,3,17,169,25,June,6,2,2016,1,Friday
2016-06-18,3,18,170,25,June,6,2,2016,1,Saturday
2016-06-19,3,19,171,26,June,6,2,2016,1,Sunday
2016-06-20,3,20,172,26,June,6,2,2016,1,Monday
2016-06-21,3,21,173,26,June,6,2,2016,1,Tuesday
2016-06-22,4,22,174,26,June,6,2,2016,1,Wednesday
2016-06-23,4,23,175,26,June,6,2,2016,1,Thursday
2016-06-24,4,24,176,26,June,6,2,2016,1,Friday
2016-06-25,4,25,177,26,June,6,2,2016,1,Saturday
2016-06-26,4,26,178,27,June,6,2,2016,1,Sunday
2016-06-27,4,27,179,27,June,6,2,2016,1,Monday
2016-06-28,4,28,180,27,June,6,2,2016,1,Tuesday
2016-06-29,5,29,181,27,June,6,2,2016,1,Wednesday
2016-06-30,5,30,182,27,June,6,2,2016,1,Thursday
2016-07-01,1,1,183,27,July,7,3,2016,2,Friday
2016-07-02,1,2,184,27,July,7,3,2016,2,Saturday
2016-07-03,1,3,185,28,July,7,3,2016,2,Sunday
2016-07-04,1,4,186,28,July,7,3,2016,2,Monday
2016-07-05,1,5,187,28,July,7,3,2016,2,Tuesday
2016-07-06,1,6,188,28,July,7,3,2016,2,Wednesday
2016-07-07,1,7,189,28,July,7,3,2016,2,Thursday
2016-07-08,2,8,190,28,July,7,3,2016,2,Friday
2016-07-09,2,9,191,28,July,7,3,2016,2,Saturday
2016-07-10,2,10,192,29,July,7,3,2016,2,Sunday
2016-07-11,2,11,193,29,July,7,3,2016,2,Monday
2016-07-12,2,12,194,29,July,7,3,2016,2,Tuesday
2016-07-13,2,13,195,29,July,7,3,2016,2,Wednesday
2016-07-14,2,14,196,29,July,7,3,2016,2,Thursday
2016-07-15,3,15,197,29,July,7,3,2016,2,Friday
2016-07-16,3,16,198,29,July,7,3,2016,2,Saturday
2016-07-17,3,17,199,30,July,7,3,2016,2,Sunday
2016-07-18,3,18,200,30,July,7,3,2016,2,Monday
2016-07-19,3,19,201,30,July,7,3,2016,2,Tuesday
2016-07-20,3,20,202,30,July,7,3,2016,2,Wednesday
2016-07-21,3,21,203,30,July,7,3,2016,2,Thursday
2016-07-22,4,22,204,30,July,7,3,2016,2,Friday
2016-07-23,4,23,205,30,July,7,3,2016,2,Saturday
2016-07-24,4,24,206,31,July,7,3,2016,2,Sunday
2016-07-25,4,25,207,31,July,7,3,2016,2,Monday
2016-07-26,4,26,208,31,July,7,3,2016,2,Tuesday
2016-07-27,4,27,209,31,July,7,3,2016,2,Wednesday
2016-07-28,4,28,210,31,July,7,3,2016,2,Thursday
2016-07-29,5,29,211,31,July,7,3,2016,2,Friday
2016-07-30,5,30,212,31,July,7,3,2016,2,Saturday
2016-07-31,5,31,213,32,July,7,3,2016,2,Sunday
2016-08-01,1,1,214,32,August,8,3,2016,2,Monday
2016-08-02,1,2,215,32,August,8,3,2016,2,Tuesday
2016-08-03,1,3,216,32,August,8,3,2016,2,Wednesday
2016-08-04,1,4,217,32,August,8,3,2016,2,Thursday
2016-08-05,1,5,218,32,August,8,3,2016,2,Friday
2016-08-06,1,6,219,32,August,8,3,2016,2,Saturday
2016-08-07,1,7,220,33,August,8,3,2016,2,Sunday
2016-08-08,2,8,221,33,August,8,3,2016,2,Monday
2016-08-09,2,9,222,33,August,8,3,2016,2,Tuesday
2016-08-10,2,10,223,33,August,8,3,2016,2,Wednesday
2016-08-11,2,11,224,33,August,8,3,2016,2,Thursday
2016-08-12,2,12,225,33,August,8,3,2016,2,Friday
2016-08-13,2,13,226,33,August,8,3,2016,2,Saturday
2016-08-14,2,14,227,34,August,8,3,2016,2,Sunday
2016-08-15,3,15,228,34,August,8,3,2016,2,Monday
2016-08-16,3,16,229,34,August,8,3,2016,2,Tuesday
2016-08-17,3,17,230,34,August,8,3,2016,2,Wednesday
2016-08-18,3,18,231,34,August,8,3,2016,2,Thursday
2016-08-19,3,19,232,34,August,8,3,2016,2,Friday
2016-08-20,3,20,233,34,August,8,3,2016,2,Saturday
2016-08-21,3,21,234,35,August,8,3,2016,2,Sunday
2016-08-22,4,22,235,35,August,8,3,2016,2,Monday
2016-08-23,4,23,236,35,August,8,3,2016,2,Tuesday
2016-08-24,4,24,237,35,August,8,3,2016,2,Wednesday
2016-08-25,4,25,238,35,August,8,3,2016,2,Thursday
2016-08-26,4,26,239,35,August,8,3,2016,2,Friday
2016-08-27,4,27,240,35,August,8,3,2016,2,Saturday
2016-08-28,4,28,241,36,August,8,3,2016,2,Sunday
2016-08-29,5,29,242,36,August,8,3,2016,2,Monday
2016-08-30,5,30,243,36,August,8,3,2016,2,Tuesday
2016-08-31,5,31,244,36,August,8,3,2016,2,Wednesday
2016-09-01,1,1,245,36,September,9,3,2016,2,Thursday
2016-09-02,1,2,246,36,September,9,3,2016,2,Friday
2016-09-03,1,3,247,36,September,9,3,2016,2,Saturday
2016-09-04,1,4,248,37,September,9,3,2016,2,Sunday
2016-09-05,1,5,249,37,September,9,3,2016,2,Monday
2016-09-06,1,6,250,37,September,9,3,2016,2,Tuesday
2016-09-07,1,7,251,37,September,9,3,2016,2,Wednesday
2016-09-08,2,8,252,37,September,9,3,2016,2,Thursday
2016-09-09,2,9,253,37,September,9,3,2016,2,Friday
2016-09-10,2,10,254,37,September,9,3,2016,2,Saturday
2016-09-11,2,11,255,38,September,9,3,2016,2,Sunday
2016-09-12,2,12,256,38,September,9,3,2016,2,Monday
2016-09-13,2,13,257,38,September,9,3,2016,2,Tuesday
2016-09-14,2,14,258,38,September,9,3,2016,2,Wednesday
2016-09-15,3,15,259,38,September,9,3,2016,2,Thursday
2016-09-16,3,16,260,38,September,9,3,2016,2,Friday
2016-09-17,3,17,261,38,September,9,3,2016,2,Saturday
2016-09-18,3,18,262,39,September,9,3,2016,2,Sunday
2016-09-19,3,19,263,39,September,9,3,2016,2,Monday
2016-09-20,3,20,264,39,September,9,3,2016,2,Tuesday
2016-09-21,3,21,265,39,September,9,3,2016,2,Wednesday
2016-09-22,4,22,266,39,September,9,3,2016,2,Thursday
2016-09-23,4,23,267,39,September,9,3,2016,2,Friday
2016-09-24,4,24,268,39,September,9,3,2016,2,Saturday
2016-09-25,4,25,269,40,September,9,3,2016,2,Sunday
2016-09-26,4,26,270,40,September,9,3,2016,2,Monday
2016-09-27,4,27,271,40,September,9,3,2016,2,Tuesday
2016-09-28,4,28,272,40,September,9,3,2016,2,Wednesday
2016-09-29,5,29,273,40,September,9,3,2016,2,Thursday
2016-09-30,5,30,274,40,September,9,3,2016,2,Friday
2016-10-01,1,1,275,40,October,10,4,2016,2,Saturday
2016-10-02,1,2,276,41,October,10,4,2016,2,Sunday
2016-10-03,1,3,277,41,October,10,4,2016,2,Monday
2016-10-04,1,4,278,41,October,10,4,2016,2,Tuesday
2016-10-05,1,5,279,41,October,10,4,2016,2,Wednesday
2016-10-06,1,6,280,41,October,10,4,2016,2,Thursday
2016-10-07,1,7,281,41,October,10,4,2016,2,Friday
2016-10-08,2,8,282,41,October,10,4,2016,2,Saturday
2016-10-09,2,9,283,42,October,10,4,2016,2,Sunday
2016-10-10,2,10,284,42,October,10,4,2016,2,Monday
2016-10-11,2,11,285,42,October,10,4,2016,2,Tuesday
2016-10-12,2,12,286,42,October,10,4,2016,2,Wednesday
2016-10-13,2,13,287,42,October,10,4,2016,2,Thursday
2016-10-14,2,14,288,42,October,10,4,2016,2,Friday
2016-10-15,3,15,289,42,October,10,4,2016,2,Saturday
2016-10-16,3,16,290,43,October,10,4,2016,2,Sunday
2016-10-17,3,17,291,43,October,10,4,2016,2,Monday
2016-10-18,3,18,292,43,October,10,4,2016,2,Tuesday
2016-10-19,3,19,293,43,October,10,4,2016,2,Wednesday
2016-10-20,3,20,294,43,October,10,4,2016,2,Thursday
2016-10-21,3,21,295,43,October,10,4,2016,2,Friday
2016-10-22,4,22,296,43,October,10,4,2016,2,Saturday
2016-10-23,4,23,297,44,October,10,4,2016,2,Sunday
2016-10-24,4,24,298,44,October,10,4,2016,2,Monday
2016-10-25,4,25,299,44,October,10,4,2016,2,Tuesday
2016-10-26,4,26,300,44,October,10,4,2016,2,Wednesday
2016-10-27,4,27,301,44,October,10,4,2016,2,Thursday
2016-10-28,4,28,302,44,October,10,4,2016,2,Friday
2016-10-29,5,29,303,44,October,10,4,2016,2,Saturday
2016-10-30,5,30,304,45,October,10,4,2016,2,Sunday
2016-10-31,5,31,305,45,October,10,4,2016,2,Monday
2016-11-01,1,1,306,45,November,11,4,2016,2,Tuesday
2016-11-02,1,2,307,45,November,11,4,2016,2,Wednesday
2016-11-03,1,3,308,45,November,11,4,2016,2,Thursday
2016-11-04,1,4,309,45,November,11,4,2016,2,Friday
2016-11-05,1,5,310,45,November,11,4,2016,2,Saturday
2016-11-06,1,6,311,46,November,11,4,2016,2,Sunday
2016-11-07,1,7,312,46,November,11,4,2016,2,Monday
2016-11-08,2,8,313,46,November,11,4,2016,2,Tuesday
2016-11-09,2,9,314,46,November,11,4,2016,2,Wednesday
2016-11-10,2,10,315,46,November,11,4,2016,2,Thursday
2016-11-11,2,11,316,46,November,11,4,2016,2,Friday
2016-11-12,2,12,317,46,November,11,4,2016,2,Saturday
2016-11-13,2,13,318,47,November,11,4,2016,2,Sunday
2016-11-14,2,14,319,47,November,11,4,2016,2,Monday
2016-11-15,3,15,320,47,November,11,4,2016,2,Tuesday
2016-11-16,3,16,321,47,November,11,4,2016,2,Wednesday
2016-11-17,3,17,322,47,November,11,4,2016,2,Thursday
2016-11-18,3,18,323,47,November,11,4,2016,2,Friday
2016-11-19,3,19,324,47,November,11,4,2016,2,Saturday
2016-11-20,3,20,325,48,November,11,4,2016,2,Sunday
2016-11-21,3,21,326,48,November,11,4,2016,2,Monday
2016-11-22,4,22,327,48,November,11,4,2016,2,Tuesday
2016-11-23,4,23,328,48,November,11,4,2016,2,Wednesday
2016-11-24,4,24,329,48,November,11,4,2016,2,Thursday
2016-11-25,4,25,330,48,November,11,4,2016,2,Friday
2016-11-26,4,26,331,48,November,11,4,2016,2,Saturday
2016-11-27,4,27,332,49,November,11,4,2016,2,Sunday
2016-11-28,4,28,333,49,November,11,4,2016,2,Monday
2016-11-29,5,29,334,49,November,11,4,2016,2,Tuesday
2016-11-30,5,30,335,49,November,11,4,2016,2,Wednesday
2016-12-01,1,1,336,49,December,12,4,2016,2,Thursday
2016-12-02,1,2,337,49,December,12,4,2016,2,Friday
2016-12-03,1,3,338,49,December,12,4,2016,2,Saturday
2016-12-04,1,4,339,50,December,12,4,2016,2,Sunday
2016-12-05,1,5,340,50,December,12,4,2016,2,Monday
2016-12-06,1,6,341,50,December,12,4,2016,2,Tuesday
2016-12-07,1,7,342,50,December,12,4,2016,2,Wednesday
2016-12-08,2,8,343,50,December,12,4,2016,2,Thursday
2016-12-09,2,9,344,50,December,12,4,2016,2,Friday
2016-12-10,2,10,345,50,December,12,4,2016,2,Saturday
2016-12-11,2,11,346,51,December,12,4,2016,2,Sunday
2016-12-12,2,12,347,51,December,12,4,2016,2,Monday
2016-12-13,2,13,348,51,December,12,4,2016,2,Tuesday
2016-12-14,2,14,349,51,December,12,4,2016,2,Wednesday
2016-12-15,3,15,350,51,December,12,4,2016,2,Thursday
2016-12-16,3,16,351,51,December,12,4,2016,2,Friday
2016-12-17,3,17,352,51,December,12,4,2016,2,Saturday
2016-12-18,3,18,353,52,December,12,4,2016,2,Sunday
2016-12-19,3,19,354,52,December,12,4,2016,2,Monday
2016-12-20,3,20,355,52,December,12,4,2016,2,Tuesday
2016-12-21,3,21,356,52,December,12,4,2016,2,Wednesday
2016-12-22,4,22,357,52,December,12,4,2016,2,Thursday
2016-12-23,4,23,358,52,December,12,4,2016,2,Friday
2016-12-24,4,24,359,52,December,12,4,2016,2,Saturday
2016-12-25,4,25,360,53,December,12,4,2016,2,Sunday
2016-12-26,4,26,361,53,December,12,4,2016,2,Monday
2016-12-27,4,27,362,53,December,12,4,2016,2,Tuesday
2016-12-28,4,28,363,53,December,12,4,2016,2,Wednesday
2016-12-29,5,29,364,53,December,12,4,2016,2,Thursday
2016-12-30,5,30,365,53,December,12,4,2016,2,Friday
2016-12-31,5,31,366,53,December,12,4,2016,2,Saturday
2017-01-01,1,1,1,1,January,1,1,2017,1,Sunday
2017-01-02,1,2,2,1,January,1,1,2017,1,Monday
2017-01-03,1,3,3,1,January,1,1,2017,1,Tuesday
2017-01-04,1,4,4,1,January,1,1,2017,1,Wednesday
2017-01-05,1,5,5,1,January,1,1,2017,1,Thursday
2017-01-06,1,6,6,1,January,1,1,2017,1,Friday
2017-01-07,1,7,7,1,January,1,1,2017,1,Saturday
2017-01-08,2,8,8,2,January,1,1,2017,1,Sunday
2017-01-09,2,9,9,2,January,1,1,2017,1,Monday
2017-01-10,2,10,10,2,January,1,1,2017,1,Tuesday
2017-01-11,2,11,11,2,January,1,1,2017,1,Wednesday
2017-01-12,2,12,12,2,January,1,1,2017,1,Thursday
2017-01-13,2,13,13,2,January,1,1,2017,1,Friday
2017-01-14,2,14,14,2,January,1,1,2017,1,Saturday
2017-01-15,3,15,15,3,January,1,1,2017,1,Sunday
2017-01-16,3,16,16,3,January,1,1,2017,1,Monday
2017-01-17,3,17,17,3,January,1,1,2017,1,Tuesday
2017-01-18,3,18,18,3,January,1,1,2017,1,Wednesday
2017-01-19,3,19,19,3,January,1,1,2017,1,Thursday
2017-01-20,3,20,20,3,January,1,1,2017,1,Friday
2017-01-21,3,21,21,3,January,1,1,2017,1,Saturday
2017-01-22,4,22,22,4,January,1,1,2017,1,Sunday
2017-01-23,4,23,23,4,January,1,1,2017,1,Monday
2017-01-24,4,24,24,4,January,1,1,2017,1,Tuesday
2017-01-25,4,25,25,4,January,1,1,2017,1,Wednesday
2017-01-26,4,26,26,4,January,1,1,2017,1,Thursday
2017-01-27,4,27,27,4,January,1,1,2017,1,Friday
2017-01-28,4,28,28,4,January,1,1,2017,1,Saturday
2017-01-29,5,29,29,5,January,1,1,2017,1,Sunday
2017-01-30,5,30,30,5,January,1,1,2017,1,Monday
2017-01-31,5,31,31,5,January,1,1,2017,1,Tuesday
2017-02-01,1,1,32,5,February,2,1,2017,1,Wednesday
2017-02-02,1,2,33,5,February,2,1,2017,1,Thursday
2017-02-03,1,3,34,5,February,2,1,2017,1,Friday
2017-02-04,1,4,35,5,February,2,1,2017,1,Saturday
2017-02-05,1,5,36,6,February,2,1,2017,1,Sunday
2017-02-06,1,6,37,6,February,2,1,2017,1,Monday
2017-02-07,1,7,38,6,February,2,1,2017,1,Tuesday
2017-02-08,2,8,39,6,February,2,1,2017,1,Wednesday
2017-02-09,2,9,40,6,February,2,1,2017,1,Thursday
2017-02-10,2,10,41,6,February,2,1,2017,1,Friday
2017-02-11,2,11,42,6,February,2,1,2017,1,Saturday
2017-02-12,2,12,43,7,February,2,1,2017,1,Sunday
2017-02-13,2,13,44,7,February,2,1,2017,1,Monday
2017-02-14,2,14,45,7,February,2,1,2017,1,Tuesday
2017-02-15,3,15,46,7,February,2,1,2017,1,Wednesday
2017-02-16,3,16,47,7,February,2,1,2017,1,Thursday
2017-02-17,3,17,48,7,February,2,1,2017,1,Friday
2017-02-18,3,18,49,7,February,2,1,2017,1,Saturday
2017-02-19,3,19,50,8,February,2,1,2017,1,Sunday
2017-02-20,3,20,51,8,February,2,1,2017,1,Monday
2017-02-21,3,21,52,8,February,2,1,2017,1,Tuesday
2017-02-22,4,22,53,8,February,2,1,2017,1,Wednesday
2017-02-23,4,23,54,8,February,2,1,2017,1,Thursday
2017-02-24,4,24,55,8,February,2,1,2017,1,Friday
2017-02-25,4,25,56,8,February,2,1,2017,1,Saturday
2017-02-26,4,26,57,9,February,2,1,2017,1,Sunday
2017-02-27,4,27,58,9,February,2,1,2017,1,Monday
2017-02-28,4,28,59,9,February,2,1,2017,1,Tuesday
2017-03-01,1,1,60,9,March,3,1,2017,1,Wednesday
2017-03-02,1,2,61,9,March,3,1,2017,1,Thursday
2017-03-03,1,3,62,9,March,3,1,2017,1,Friday
2017-03-04,1,4,63,9,March,3,1,2017,1,Saturday
2017-03-05,1,5,64,10,March,3,1,2017,1,Sunday
2017-03-06,1,6,65,10,March,3,1,2017,1,Monday
2017-03-07,1,7,66,10,March,3,1,2017,1,Tuesday
2017-03-08,2,8,67,10,March,3,1,2017,1,Wednesday
2017-03-09,2,9,68,10,March,3,1,2017,1,Thursday
2017-03-10,2,10,69,10,March,3,1,2017,1,Friday
2017-03-11,2,11,70,10,March,3,1,2017,1,Saturday
2017-03-12,2,12,71,11,March,3,1,2017,1,Sunday
2017-03-13,2,13,72,11,March,3,1,2017,1,Monday
2017-03-14,2,14,73,11,March,3,1,2017,1,Tuesday
2017-03-15,3,15,74,11,March,3,1,2017,1,Wednesday
2017-03-16,3,16,75,11,March,3,1,2017,1,Thursday
2017-03-17,3,17,76,11,March,3,1,2017,1,Friday
2017-03-18,3,18,77,11,March,3,1,2017,1,Saturday
2017-03-19,3,19,78,12,March,3,1,2017,1,Sunday
2017-03-20,3,20,79,12,March,3,1,2017,1,Monday
2017-03-21,3,21,80,12,March,3,1,2017,1,Tuesday
2017-03-22,4,22,81,12,March,3,1,2017,1,Wednesday
2017-03-23,4,23,82,12,March,3,1,2017,1,Thursday
2017-03-24,4,24,83,12,March,3,1,2017,1,Friday
2017-03-25,4,25,84,12,March,3,1,2017,1,Saturday
2017-03-26,4,26,85,13,March,3,1,2017,1,Sunday
2017-03-27,4,27,86,13,March,3,1,2017,1,Monday
2017-03-28,4,28,87,13,March,3,1,2017,1,Tuesday
2017-03-29,5,29,88,13,March,3,1,2017,1,Wednesday
2017-03-30,5,30,89,13,March,3,1,2017,1,Thursday
2017-03-31,5,31,90,13,March,3,1,2017,1,Friday
2017-04-01,1,1,91,13,April,4,2,2017,1,Saturday
2017-04-02,1,2,92,14,April,4,2,2017,1,Sunday
2017-04-03,1,3,93,14,April,4,2,2017,1,Monday
2017-04-04,1,4,94,14,April,4,2,2017,1,Tuesday
2017-04-05,1,5,95,14,April,4,2,2017,1,Wednesday
2017-04-06,1,6,96,14,April,4,2,2017,1,Thursday
2017-04-07,1,7,97,14,April,4,2,2017,1,Friday
2017-04-08,2,8,98,14,April,4,2,2017,1,Saturday
2017-04-09,2,9,99,15,April,4,2,2017,1,Sunday
2017-04-10,2,10,100,15,April,4,2,2017,1,Monday
2017-04-11,2,11,101,15,April,4,2,2017,1,Tuesday
2017-04-12,2,12,102,15,April,4,2,2017,1,Wednesday
2017-04-13,2,13,103,15,April,4,2,2017,1,Thursday
2017-04-14,2,14,104,15,April,4,2,2017,1,Friday
2017-04-15,3,15,105,15,April,4,2,2017,1,Saturday
2017-04-16,3,16,106,16,April,4,2,2017,1,Sunday
2017-04-17,3,17,107,16,April,4,2,2017,1,Monday
2017-04-18,3,18,108,16,April,4,2,2017,1,Tuesday
2017-04-19,3,19,109,16,April,4,2,2017,1,Wednesday
2017-04-20,3,20,110,16,April,4,2,2017,1,Thursday
2017-04-21,3,21,111,16,April,4,2,2017,1,Friday
2017-04-22,4,22,112,16,April,4,2,2017,1,Saturday
2017-04-23,4,23,113,17,April,4,2,2017,1,Sunday
2017-04-24,4,24,114,17,April,4,2,2017,1,Monday
2017-04-25,4,25,115,17,April,4,2,2017,1,Tuesday
2017-04-26,4,26,116,17,April,4,2,2017,1,Wednesday
2017-04-27,4,27,117,17,April,4,2,2017,1,Thursday
2017-04-28,4,28,118,17,April,4,2,2017,1,Friday
2017-04-29,5,29,119,17,April,4,2,2017,1,Saturday
2017-04-30,5,30,120,18,April,4,2,2017,1,Sunday
2017-05-01,1,1,121,18,May,5,2,2017,1,Monday
2017-05-02,1,2,122,18,May,5,2,2017,1,Tuesday
2017-05-03,1,3,123,18,May,5,2,2017,1,Wednesday
2017-05-04,1,4,124,18,May,5,2,2017,1,Thursday
2017-05-05,1,5,125,18,May,5,2,2017,1,Friday
2017-05-06,1,6,126,18,May,5,2,2017,1,Saturday
2017-05-07,1,7,127,19,May,5,2,2017,1,Sunday
2017-05-08,2,8,128,19,May,5,2,2017,1,Monday
2017-05-09,2,9,129,19,May,5,2,2017,1,Tuesday
2017-05-10,2,10,130,19,May,5,2,2017,1,Wednesday
2017-05-11,2,11,131,19,May,5,2,2017,1,Thursday
2017-05-12,2,12,132,19,May,5,2,2017,1,Friday
2017-05-13,2,13,133,19,May,5,2,2017,1,Saturday
2017-05-14,2,14,134,20,May,5,2,2017,1,Sunday
2017-05-15,3,15,135,20,May,5,2,2017,1,Monday
2017-05-16,3,16,136,20,May,5,2,2017,1,Tuesday
2017-05-17,3,17,137,20,May,5,2,2017,1,Wednesday
2017-05-18,3,18,138,20,May,5,2,2017,1,Thursday
2017-05-19,3,19,139,20,May,5,2,2017,1,Friday
2017-05-20,3,20,140,20,May,5,2,2017,1,Saturday
2017-05-21,3,21,141,21,May,5,2,2017,1,Sunday
2017-05-22,4,22,142,21,May,5,2,2017,1,Monday
2017-05-23,4,23,143,21,May,5,2,2017,1,Tuesday
2017-05-24,4,24,144,21,May,5,2,2017,1,Wednesday
2017-05-25,4,25,145,21,May,5,2,2017,1,Thursday
2017-05-26,4,26,146,21,May,5,2,2017,1,Friday
2017-05-27,4,27,147,21,May,5,2,2017,1,Saturday
2017-05-28,4,28,148,22,May,5,2,2017,1,Sunday
2017-05-29,5,29,149,22,May,5,2,2017,1,Monday
2017-05-30,5,30,150,22,May,5,2,2017,1,Tuesday
2017-05-31,5,31,151,22,May,5,2,2017,1,Wednesday
2017-06-01,1,1,152,22,June,6,2,2017,1,Thursday
2017-06-02,1,2,153,22,June,6,2,2017,1,Friday
2017-06-03,1,3,154,22,June,6,2,2017,1,Saturday
2017-06-04,1,4,155,23,June,6,2,2017,1,Sunday
2017-06-05,1,5,156,23,June,6,2,2017,1,Monday
2017-06-06,1,6,157,23,June,6,2,2017,1,Tuesday
2017-06-07,1,7,158,23,June,6,2,2017,1,Wednesday
2017-06-08,2,8,159,23,June,6,2,2017,1,Thursday
2017-06-09,2,9,160,23,June,6,2,2017,1,Friday
2017-06-10,2,10,161,23,June,6,2,2017,1,Saturday
2017-06-11,2,11,162,24,June,6,2,2017,1,Sunday
2017-06-12,2,12,163,24,June,6,2,2017,1,Monday
2017-06-13,2,13,164,24,June,6,2,2017,1,Tuesday
2017-06-14,2,14,165,24,June,6,2,2017,1,Wednesday
2017-06-15,3,15,166,24,June,6,2,2017,1,Thursday
2017-06-16,3,16,167,24,June,6,2,2017,1,Friday
2017-06-17,3,17,168,24,June,6,2,2017,1,Saturday
2017-06-18,3,18,169,25,June,6,2,2017,1,Sunday
2017-06-19,3,19,170,25,June,6,2,2017,1,Monday
2017-06-20,3,20,171,25,June,6,2,2017,1,Tuesday
2017-06-21,3,21,172,25,June,6,2,2017,1,Wednesday
2017-06-22,4,22,173,25,June,6,2,2017,1,Thursday
2017-06-23,4,23,174,25,June,6,2,2017,1,Friday
2017-06-24,4,24,175,25,June,6,2,2017,1,Saturday
2017-06-25,4,25,176,26,June,6,2,2017,1,Sunday
2017-06-26,4,26,177,26,June,6,2,2017,1,Monday
2017-06-27,4,27,178,26,June,6,2,2017,1,Tuesday
2017-06-28,4,28,179,26,June,6,2,2017,1,Wednesday
2017-06-29,5,29,180,26,June,6,2,2017,1,Thursday
2017-06-30,5,30,181,26,June,6,2,2017,1,Friday
2017-07-01,1,1,182,26,July,7,3,2017,2,Saturday
2017-07-02,1,2,183,27,July,7,3,2017,2,Sunday
2017-07-03,1,3,184,27,July,7,3,2017,2,Monday
2017-07-04,1,4,185,27,July,7,3,2017,2,Tuesday
2017-07-05,1,5,186,27,July,7,3,2017,2,Wednesday
2017-07-06,1,6,187,27,July,7,3,2017,2,Thursday
2017-07-07,1,7,188,27,July,7,3,2017,2,Friday
2017-07-08,2,8,189,27,July,7,3,2017,2,Saturday
2017-07-09,2,9,190,28,July,7,3,2017,2,Sunday
2017-07-10,2,10,191,28,July,7,3,2017,2,Monday
2017-07-11,2,11,192,28,July,7,3,2017,2,Tuesday
2017-07-12,2,12,193,28,July,7,3,2017,2,Wednesday
2017-07-13,2,13,194,28,July,7,3,2017,2,Thursday
2017-07-14,2,14,195,28,July,7,3,2017,2,Friday
2017-07-15,3,15,196,28,July,7,3,2017,2,Saturday
2017-07-16,3,16,197,29,July,7,3,2017,2,Sunday
2017-07-17,3,17,198,29,July,7,3,2017,2,Monday
2017-07-18,3,18,199,29,July,7,3,2017,2,Tuesday
2017-07-19,3,19,200,29,July,7,3,2017,2,Wednesday
2017-07-20,3,20,201,29,July,7,3,2017,2,Thursday
2017-07-21,3,21,202,29,July,7,3,2017,2,Friday
2017-07-22,4,22,203,29,July,7,3,2017,2,Saturday
2017-07-23,4,23,204,30,July,7,3,2017,2,Sunday
2017-07-24,4,24,205,30,July,7,3,2017,2,Monday
2017-07-25,4,25,206,30,July,7,3,2017,2,Tuesday
2017-07-26,4,26,207,30,July,7,3,2017,2,Wednesday
2017-07-27,4,27,208,30,July,7,3,2017,2,Thursday
2017-07-28,4,28,209,30,July,7,3,2017,2,Friday
2017-07-29,5,29,210,30,July,7,3,2017,2,Saturday
2017-07-30,5,30,211,31,July,7,3,2017,2,Sunday
2017-07-31,5,31,212,31,July,7,3,2017,2,Monday
2017-08-01,1,1,213,31,August,8,3,2017,2,Tuesday
2017-08-02,1,2,214,31,August,8,3,2017,2,Wednesday
2017-08-03,1,3,215,31,August,8,3,2017,2,Thursday
2017-08-04,1,4,216,31,August,8,3,2017,2,Friday
2017-08-05,1,5,217,31,August,8,3,2017,2,Saturday
2017-08-06,1,6,218,32,August,8,3,2017,2,Sunday
2017-08-07,1,7,219,32,August,8,3,2017,2,Monday
2017-08-08,2,8,220,32,August,8,3,2017,2,Tuesday
2017-08-09,2,9,221,32,August,8,3,2017,2,Wednesday
2017-08-10,2,10,222,32,August,8,3,2017,2,Thursday
2017-08-11,2,11,223,32,August,8,3,2017,2,Friday
2017-08-12,2,12,224,32,August,8,3,2017,2,Saturday
2017-08-13,2,13,225,33,August,8,3,2017,2,Sunday
2017-08-14,2,14,226,33,August,8,3,2017,2,Monday
2017-08-15,3,15,227,33,August,8,3,2017,2,Tuesday
2017-08-16,3,16,228,33,August,8,3,2017,2,Wednesday
2017-08-17,3,17,229,33,August,8,3,2017,2,Thursday
2017-08-18,3,18,230,33,August,8,3,2017,2,Friday
2017-08-19,3,19,231,33,August,8,3,2017,2,Saturday
2017-08-20,3,20,232,34,August,8,3,2017,2,Sunday
2017-08-21,3,21,233,34,August,8,3,2017,2,Monday
2017-08-22,4,22,234,34,August,8,3,2017,2,Tuesday
2017-08-23,4,23,235,34,August,8,3,2017,2,Wednesday
2017-08-24,4,24,236,34,August,8,3,2017,2,Thursday
2017-08-25,4,25,237,34,August,8,3,2017,2,Friday
2017-08-26,4,26,238,34,August,8,3,2017,2,Saturday
2017-08-27,4,27,239,35,August,8,3,2017,2,Sunday
2017-08-28,4,28,240,35,August,8,3,2017,2,Monday
2017-08-29,5,29,241,35,August,8,3,2017,2,Tuesday
2017-08-30,5,30,242,35,August,8,3,2017,2,Wednesday
2017-08-31,5,31,243,35,August,8,3,2017,2,Thursday
2017-09-01,1,1,244,35,September,9,3,2017,2,Friday
2017-09-02,1,2,245,35,September,9,3,2017,2,Saturday
2017-09-03,1,3,246,36,September,9,3,2017,2,Sunday
2017-09-04,1,4,247,36,September,9,3,2017,2,Monday
2017-09-05,1,5,248,36,September,9,3,2017,2,Tuesday
2017-09-06,1,6,249,36,September,9,3,2017,2,Wednesday
2017-09-07,1,7,250,36,September,9,3,2017,2,Thursday
2017-09-08,2,8,251,36,September,9,3,2017,2,Friday
2017-09-09,2,9,252,36,September,9,3,2017,2,Saturday
2017-09-10,2,10,253,37,September,9,3,2017,2,Sunday
2017-09-11,2,11,254,37,September,9,3,2017,2,Monday
2017-09-12,2,12,255,37,September,9,3,2017,2,Tuesday
2017-09-13,2,13,256,37,September,9,3,2017,2,Wednesday
2017-09-14,2,14,257,37,September,9,3,2017,2,Thursday
2017-09-15,3,15,258,37,September,9,3,2017,2,Friday
2017-09-16,3,16,259,37,September,9,3,2017,2,Saturday
2017-09-17,3,17,260,38,September,9,3,2017,2,Sunday
2017-09-18,3,18,261,38,September,9,3,2017,2,Monday
2017-09-19,3,19,262,38,September,9,3,2017,2,Tuesday
2017-09-20,3,20,263,38,September,9,3,2017,2,Wednesday
2017-09-21,3,21,264,38,September,9,3,2017,2,Thursday
2017-09-22,4,22,265,38,September,9,3,2017,2,Friday
2017-09-23,4,23,266,38,September,9,3,2017,2,Saturday
2017-09-24,4,24,267,39,September,9,3,2017,2,Sunday
2017-09-25,4,25,268,39,September,9,3,2017,2,Monday
2017-09-26,4,26,269,39,September,9,3,2017,2,Tuesday
2017-09-27,4,27,270,39,September,9,3,2017,2,Wednesday
2017-09-28,4,28,271,39,September,9,3,2017,2,Thursday
2017-09-29,5,29,272,39,September,9,3,2017,2,Friday
2017-09-30,5,30,273,39,September,9,3,2017,2,Saturday
2017-10-01,1,1,274,40,October,10,4,2017,2,Sunday
2017-10-02,1,2,275,40,October,10,4,2017,2,Monday
2017-10-03,1,3,276,40,October,10,4,2017,2,Tuesday
2017-10-04,1,4,277,40,October,10,4,2017,2,Wednesday
2017-10-05,1,5,278,40,October,10,4,2017,2,Thursday
2017-10-06,1,6,279,40,October,10,4,2017,2,Friday
2017-10-07,1,7,280,40,October,10,4,2017,2,Saturday
2017-10-08,2,8,281,41,October,10,4,2017,2,Sunday
2017-10-09,2,9,282,41,October,10,4,2017,2,Monday
2017-10-10,2,10,283,41,October,10,4,2017,2,Tuesday
2017-10-11,2,11,284,41,October,10,4,2017,2,Wednesday
2017-10-12,2,12,285,41,October,10,4,2017,2,Thursday
2017-10-13,2,13,286,41,October,10,4,2017,2,Friday
2017-10-14,2,14,287,41,October,10,4,2017,2,Saturday
2017-10-15,3,15,288,42,October,10,4,2017,2,Sunday
2017-10-16,3,16,289,42,October,10,4,2017,2,Monday
2017-10-17,3,17,290,42,October,10,4,2017,2,Tuesday
2017-10-18,3,18,291,42,October,10,4,2017,2,Wednesday
2017-10-19,3,19,292,42,October,10,4,2017,2,Thursday
2017-10-20,3,20,293,42,October,10,4,2017,2,Friday
2017-10-21,3,21,294,42,October,10,4,2017,2,Saturday
2017-10-22,4,22,295,43,October,10,4,2017,2,Sunday
2017-10-23,4,23,296,43,October,10,4,2017,2,Monday
2017-10-24,4,24,297,43,October,10,4,2017,2,Tuesday
2017-10-25,4,25,298,43,October,10,4,2017,2,Wednesday
2017-10-26,4,26,299,43,October,10,4,2017,2,Thursday
2017-10-27,4,27,300,43,October,10,4,2017,2,Friday
2017-10-28,4,28,301,43,October,10,4,2017,2,Saturday
2017-10-29,5,29,302,44,October,10,4,2017,2,Sunday
2017-10-30,5,30,303,44,October,10,4,2017,2,Monday
2017-10-31,5,31,304,44,October,10,4,2017,2,Tuesday
2017-11-01,1,1,305,44,November,11,4,2017,2,Wednesday
2017-11-02,1,2,306,44,November,11,4,2017,2,Thursday
2017-11-03,1,3,307,44,November,11,4,2017,2,Friday
2017-11-04,1,4,308,44,November,11,4,2017,2,Saturday
2017-11-05,1,5,309,45,November,11,4,2017,2,Sunday
2017-11-06,1,6,310,45,November,11,4,2017,2,Monday
2017-11-07,1,7,311,45,November,11,4,2017,2,Tuesday
2017-11-08,2,8,312,45,November,11,4,2017,2,Wednesday
2017-11-09,2,9,313,45,November,11,4,2017,2,Thursday
2017-11-10,2,10,314,45,November,11,4,2017,2,Friday
2017-11-11,2,11,315,45,November,11,4,2017,2,Saturday
2017-11-12,2,12,316,46,November,11,4,2017,2,Sunday
2017-11-13,2,13,317,46,November,11,4,2017,2,Monday
2017-11-14,2,14,318,46,November,11,4,2017,2,Tuesday
2017-11-15,3,15,319,46,November,11,4,2017,2,Wednesday
2017-11-16,3,16,320,46,November,11,4,2017,2,Thursday
2017-11-17,3,17,321,46,November,11,4,2017,2,Friday
2017-11-18,3,18,322,46,November,11,4,2017,2,Saturday
2017-11-19,3,19,323,47,November,11,4,2017,2,Sunday
2017-11-20,3,20,324,47,November,11,4,2017,2,Monday
2017-11-21,3,21,325,47,November,11,4,2017,2,Tuesday
2017-11-22,4,22,326,47,November,11,4,2017,2,Wednesday
2017-11-23,4,23,327,47,November,11,4,2017,2,Thursday
2017-11-24,4,24,328,47,November,11,4,2017,2,Friday
2017-11-25,4,25,329,47,November,11,4,2017,2,Saturday
2017-11-26,4,26,330,48,November,11,4,2017,2,Sunday
2017-11-27,4,27,331,48,November,11,4,2017,2,Monday
2017-11-28,4,28,332,48,November,11,4,2017,2,Tuesday
2017-11-29,5,29,333,48,November,11,4,2017,2,Wednesday
2017-11-30,5,30,334,48,November,11,4,2017,2,Thursday
2017-12-01,1,1,335,48,December,12,4,2017,2,Friday
2017-12-02,1,2,336,48,December,12,4,2017,2,Saturday
2017-12-03,1,3,337,49,December,12,4,2017,2,Sunday
2017-12-04,1,4,338,49,December,12,4,2017,2,Monday
2017-12-05,1,5,339,49,December,12,4,2017,2,Tuesday
2017-12-06,1,6,340,49,December,12,4,2017,2,Wednesday
2017-12-07,1,7,341,49,December,12,4,2017,2,Thursday
2017-12-08,2,8,342,49,December,12,4,2017,2,Friday
2017-12-09,2,9,343,49,December,12,4,2017,2,Saturday
2017-12-10,2,10,344,50,December,12,4,2017,2,Sunday
2017-12-11,2,11,345,50,December,12,4,2017,2,Monday
2017-12-12,2,12,346,50,December,12,4,2017,2,Tuesday
2017-12-13,2,13,347,50,December,12,4,2017,2,Wednesday
2017-12-14,2,14,348,50,December,12,4,2017,2,Thursday
2017-12-15,3,15,349,50,December,12,4,2017,2,Friday
2017-12-16,3,16,350,50,December,12,4,2017,2,Saturday
2017-12-17,3,17,351,51,December,12,4,2017,2,Sunday
2017-12-18,3,18,352,51,December,12,4,2017,2,Monday
2017-12-19,3,19,353,51,December,12,4,2017,2,Tuesday
2017-12-20,3,20,354,51,December,12,4,2017,2,Wednesday
2017-12-21,3,21,355,51,December,12,4,2017,2,Thursday
2017-12-22,4,22,356,51,December,12,4,2017,2,Friday
2017-12-23,4,23,357,51,December,12,4,2017,2,Saturday
2017-12-24,4,24,358,52,December,12,4,2017,2,Sunday
2017-12-25,4,25,359,52,December,12,4,2017,2,Monday
2017-12-26,4,26,360,52,December,12,4,2017,2,Tuesday
2017-12-27,4,27,361,52,December,12,4,2017,2,Wednesday
2017-12-28,4,28,362,52,December,12,4,2017,2,Thursday
2017-12-29,5,29,363,52,December,12,4,2017,2,Friday
2017-12-30,5,30,364,52,December,12,4,2017,2,Saturday
2017-12-31,5,31,365,1,December,12,4,2017,2,Sunday
2018-01-01,1,1,1,1,January,1,1,2018,1,Monday
2018-01-02,1,2,2,1,January,1,1,2018,1,Tuesday
2018-01-03,1,3,3,1,January,1,1,2018,1,Wednesday
2018-01-04,1,4,4,1,January,1,1,2018,1,Thursday
2018-01-05,1,5,5,1,January,1,1,2018,1,Friday
2018-01-06,1,6,6,1,January,1,1,2018,1,Saturday
2018-01-07,1,7,7,2,January,1,1,2018,1,Sunday
2018-01-08,2,8,8,2,January,1,1,2018,1,Monday
2018-01-09,2,9,9,2,January,1,1,2018,1,Tuesday
2018-01-10,2,10,10,2,January,1,1,2018,1,Wednesday
2018-01-11,2,11,11,2,January,1,1,2018,1,Thursday
2018-01-12,2,12,12,2,January,1,1,2018,1,Friday
2018-01-13,2,13,13,2,January,1,1,2018,1,Saturday
2018-01-14,2,14,14,3,January,1,1,2018,1,Sunday
2018-01-15,3,15,15,3,January,1,1,2018,1,Monday
2018-01-16,3,16,16,3,January,1,1,2018,1,Tuesday
2018-01-17,3,17,17,3,January,1,1,2018,1,Wednesday
2018-01-18,3,18,18,3,January,1,1,2018,1,Thursday
2018-01-19,3,19,19,3,January,1,1,2018,1,Friday
2018-01-20,3,20,20,3,January,1,1,2018,1,Saturday
2018-01-21,3,21,21,4,January,1,1,2018,1,Sunday
2018-01-22,4,22,22,4,January,1,1,2018,1,Monday
2018-01-23,4,23,23,4,January,1,1,2018,1,Tuesday
2018-01-24,4,24,24,4,January,1,1,2018,1,Wednesday
2018-01-25,4,25,25,4,January,1,1,2018,1,Thursday
2018-01-26,4,26,26,4,January,1,1,2018,1,Friday
2018-01-27,4,27,27,4,January,1,1,2018,1,Saturday
2018-01-28,4,28,28,5,January,1,1,2018,1,Sunday
2018-01-29,5,29,29,5,January,1,1,2018,1,Monday
2018-01-30,5,30,30,5,January,1,1,2018,1,Tuesday
2018-01-31,5,31,31,5,January,1,1,2018,1,Wednesday
2018-02-01,1,1,32,5,February,2,1,2018,1,Thursday
2018-02-02,1,2,33,5,February,2,1,2018,1,Friday
2018-02-03,1,3,34,5,February,2,1,2018,1,Saturday
2018-02-04,1,4,35,6,February,2,1,2018,1,Sunday
2018-02-05,1,5,36,6,February,2,1,2018,1,Monday
2018-02-06,1,6,37,6,February,2,1,2018,1,Tuesday
2018-02-07,1,7,38,6,February,2,1,2018,1,Wednesday
2018-02-08,2,8,39,6,February,2,1,2018,1,Thursday
2018-02-09,2,9,40,6,February,2,1,2018,1,Friday
2018-02-10,2,10,41,6,February,2,1,2018,1,Saturday
2018-02-11,2,11,42,7,February,2,1,2018,1,Sunday
2018-02-12,2,12,43,7,February,2,1,2018,1,Monday
2018-02-13,2,13,44,7,February,2,1,2018,1,Tuesday
2018-02-14,2,14,45,7,February,2,1,2018,1,Wednesday
2018-02-15,3,15,46,7,February,2,1,2018,1,Thursday
2018-02-16,3,16,47,7,February,2,1,2018,1,Friday
2018-02-17,3,17,48,7,February,2,1,2018,1,Saturday
2018-02-18,3,18,49,8,February,2,1,2018,1,Sunday
2018-02-19,3,19,50,8,February,2,1,2018,1,Monday
2018-02-20,3,20,51,8,February,2,1,2018,1,Tuesday
2018-02-21,3,21,52,8,February,2,1,2018,1,Wednesday
2018-02-22,4,22,53,8,February,2,1,2018,1,Thursday
2018-02-23,4,23,54,8,February,2,1,2018,1,Friday
2018-02-24,4,24,55,8,February,2,1,2018,1,Saturday
2018-02-25,4,25,56,9,February,2,1,2018,1,Sunday
2018-02-26,4,26,57,9,February,2,1,2018,1,Monday
2018-02-27,4,27,58,9,February,2,1,2018,1,Tuesday
2018-02-28,4,28,59,9,February,2,1,2018,1,Wednesday
2018-03-01,1,1,60,9,March,3,1,2018,1,Thursday
2018-03-02,1,2,61,9,March,3,1,2018,1,Friday
2018-03-03,1,3,62,9,March,3,1,2018,1,Saturday
2018-03-04,1,4,63,10,March,3,1,2018,1,Sunday
2018-03-05,1,5,64,10,March,3,1,2018,1,Monday
2018-03-06,1,6,65,10,March,3,1,2018,1,Tuesday
2018-03-07,1,7,66,10,March,3,1,2018,1,Wednesday
2018-03-08,2,8,67,10,March,3,1,2018,1,Thursday
2018-03-09,2,9,68,10,March,3,1,2018,1,Friday
2018-03-10,2,10,69,10,March,3,1,2018,1,Saturday
2018-03-11,2,11,70,11,March,3,1,2018,1,Sunday
2018-03-12,2,12,71,11,March,3,1,2018,1,Monday
2018-03-13,2,13,72,11,March,3,1,2018,1,Tuesday
2018-03-14,2,14,73,11,March,3,1,2018,1,Wednesday
2018-03-15,3,15,74,11,March,3,1,2018,1,Thursday
2018-03-16,3,16,75,11,March,3,1,2018,1,Friday
2018-03-17,3,17,76,11,March,3,1,2018,1,Saturday
2018-03-18,3,18,77,12,March,3,1,2018,1,Sunday
2018-03-19,3,19,78,12,March,3,1,2018,1,Monday
2018-03-20,3,20,79,12,March,3,1,2018,1,Tuesday
2018-03-21,3,21,80,12,March,3,1,2018,1,Wednesday
2018-03-22,4,22,81,12,March,3,1,2018,1,Thursday
2018-03-23,4,23,82,12,March,3,1,2018,1,Friday
2018-03-24,4,24,83,12,March,3,1,2018,1,Saturday
2018-03-25,4,25,84,13,March,3,1,2018,1,Sunday
2018-03-26,4,26,85,13,March,3,1,2018,1,Monday
2018-03-27,4,27,86,13,March,3,1,2018,1,Tuesday
2018-03-28,4,28,87,13,March,3,1,2018,1,Wednesday
2018-03-29,5,29,88,13,March,3,1,2018,1,Thursday
2018-03-30,5,30,89,13,March,3,1,2018,1,Friday
2018-03-31,5,31,90,13,March,3,1,2018,1,Saturday
2018-04-01,1,1,91,14,April,4,2,2018,1,Sunday
2018-04-02,1,2,92,14,April,4,2,2018,1,Monday
2018-04-03,1,3,93,14,April,4,2,2018,1,Tuesday
2018-04-04,1,4,94,14,April,4,2,2018,1,Wednesday
2018-04-05,1,5,95,14,April,4,2,2018,1,Thursday
2018-04-06,1,6,96,14,April,4,2,2018,1,Friday
2018-04-07,1,7,97,14,April,4,2,2018,1,Saturday
2018-04-08,2,8,98,15,April,4,2,2018,1,Sunday
2018-04-09,2,9,99,15,April,4,2,2018,1,Monday
2018-04-10,2,10,100,15,April,4,2,2018,1,Tuesday
2018-04-11,2,11,101,15,April,4,2,2018,1,Wednesday
2018-04-12,2,12,102,15,April,4,2,2018,1,Thursday
2018-04-13,2,13,103,15,April,4,2,2018,1,Friday
2018-04-14,2,14,104,15,April,4,2,2018,1,Saturday
2018-04-15,3,15,105,16,April,4,2,2018,1,Sunday
2018-04-16,3,16,106,16,April,4,2,2018,1,Monday
2018-04-17,3,17,107,16,April,4,2,2018,1,Tuesday
2018-04-18,3,18,108,16,April,4,2,2018,1,Wednesday
2018-04-19,3,19,109,16,April,4,2,2018,1,Thursday
2018-04-20,3,20,110,16,April,4,2,2018,1,Friday
2018-04-21,3,21,111,16,April,4,2,2018,1,Saturday
2018-04-22,4,22,112,17,April,4,2,2018,1,Sunday
2018-04-23,4,23,113,17,April,4,2,2018,1,Monday
2018-04-24,4,24,114,17,April,4,2,2018,1,Tuesday
2018-04-25,4,25,115,17,April,4,2,2018,1,Wednesday
2018-04-26,4,26,116,17,April,4,2,2018,1,Thursday
2018-04-27,4,27,117,17,April,4,2,2018,1,Friday
2018-04-28,4,28,118,17,April,4,2,2018,1,Saturday
2018-04-29,5,29,119,18,April,4,2,2018,1,Sunday
2018-04-30,5,30,120,18,April,4,2,2018,1,Monday
2018-05-01,1,1,121,18,May,5,2,2018,1,Tuesday
2018-05-02,1,2,122,18,May,5,2,2018,1,Wednesday
2018-05-03,1,3,123,18,May,5,2,2018,1,Thursday
2018-05-04,1,4,124,18,May,5,2,2018,1,Friday
2018-05-05,1,5,125,18,May,5,2,2018,1,Saturday
2018-05-06,1,6,126,19,May,5,2,2018,1,Sunday
2018-05-07,1,7,127,19,May,5,2,2018,1,Monday
2018-05-08,2,8,128,19,May,5,2,2018,1,Tuesday
2018-05-09,2,9,129,19,May,5,2,2018,1,Wednesday
2018-05-10,2,10,130,19,May,5,2,2018,1,Thursday
2018-05-11,2,11,131,19,May,5,2,2018,1,Friday
2018-05-12,2,12,132,19,May,5,2,2018,1,Saturday
2018-05-13,2,13,133,20,May,5,2,2018,1,Sunday
2018-05-14,2,14,134,20,May,5,2,2018,1,Monday
2018-05-15,3,15,135,20,May,5,2,2018,1,Tuesday
2018-05-16,3,16,136,20,May,5,2,2018,1,Wednesday
2018-05-17,3,17,137,20,May,5,2,2018,1,Thursday
2018-05-18,3,18,138,20,May,5,2,2018,1,Friday
2018-05-19,3,19,139,20,May,5,2,2018,1,Saturday
2018-05-20,3,20,140,21,May,5,2,2018,1,Sunday
2018-05-21,3,21,141,21,May,5,2,2018,1,Monday
2018-05-22,4,22,142,21,May,5,2,2018,1,Tuesday
2018-05-23,4,23,143,21,May,5,2,2018,1,Wednesday
2018-05-24,4,24,144,21,May,5,2,2018,1,Thursday
2018-05-25,4,25,145,21,May,5,2,2018,1,Friday
2018-05-26,4,26,146,21,May,5,2,2018,1,Saturday
2018-05-27,4,27,147,22,May,5,2,2018,1,Sunday
2018-05-28,4,28,148,22,May,5,2,2018,1,Monday
2018-05-29,5,29,149,22,May,5,2,2018,1,Tuesday
2018-05-30,5,30,150,22,May,5,2,2018,1,Wednesday
2018-05-31,5,31,151,22,May,5,2,2018,1,Thursday
2018-06-01,1,1,152,22,June,6,2,2018,1,Friday
2018-06-02,1,2,153,22,June,6,2,2018,1,Saturday
2018-06-03,1,3,154,23,June,6,2,2018,1,Sunday
2018-06-04,1,4,155,23,June,6,2,2018,1,Monday
2018-06-05,1,5,156,23,June,6,2,2018,1,Tuesday
2018-06-06,1,6,157,23,June,6,2,2018,1,Wednesday
2018-06-07,1,7,158,23,June,6,2,2018,1,Thursday
2018-06-08,2,8,159,23,June,6,2,2018,1,Friday
2018-06-09,2,9,160,23,June,6,2,2018,1,Saturday
2018-06-10,2,10,161,24,June,6,2,2018,1,Sunday
2018-06-11,2,11,162,24,June,6,2,2018,1,Monday
2018-06-12,2,12,163,24,June,6,2,2018,1,Tuesday
2018-06-13,2,13,164,24,June,6,2,2018,1,Wednesday
2018-06-14,2,14,165,24,June,6,2,2018,1,Thursday
2018-06-15,3,15,166,24,June,6,2,2018,1,Friday
2018-06-16,3,16,167,24,June,6,2,2018,1,Saturday
2018-06-17,3,17,168,25,June,6,2,2018,1,Sunday
2018-06-18,3,18,169,25,June,6,2,2018,1,Monday
2018-06-19,3,19,170,25,June,6,2,2018,1,Tuesday
2018-06-20,3,20,171,25,June,6,2,2018,1,Wednesday
2018-06-21,3,21,172,25,June,6,2,2018,1,Thursday
2018-06-22,4,22,173,25,June,6,2,2018,1,Friday
2018-06-23,4,23,174,25,June,6,2,2018,1,Saturday
2018-06-24,4,24,175,26,June,6,2,2018,1,Sunday
2018-06-25,4,25,176,26,June,6,2,2018,1,Monday
2018-06-26,4,26,177,26,June,6,2,2018,1,Tuesday
2018-06-27,4,27,178,26,June,6,2,2018,1,Wednesday
2018-06-28,4,28,179,26,June,6,2,2018,1,Thursday
2018-06-29,5,29,180,26,June,6,2,2018,1,Friday
2018-06-30,5,30,181,26,June,6,2,2018,1,Saturday
2018-07-01,1,1,182,27,July,7,3,2018,2,Sunday
2018-07-02,1,2,183,27,July,7,3,2018,2,Monday
2018-07-03,1,3,184,27,July,7,3,2018,2,Tuesday
2018-07-04,1,4,185,27,July,7,3,2018,2,Wednesday
2018-07-05,1,5,186,27,July,7,3,2018,2,Thursday
2018-07-06,1,6,187,27,July,7,3,2018,2,Friday
2018-07-07,1,7,188,27,July,7,3,2018,2,Saturday
2018-07-08,2,8,189,28,July,7,3,2018,2,Sunday
2018-07-09,2,9,190,28,July,7,3,2018,2,Monday
2018-07-10,2,10,191,28,July,7,3,2018,2,Tuesday
2018-07-11,2,11,192,28,July,7,3,2018,2,Wednesday
2018-07-12,2,12,193,28,July,7,3,2018,2,Thursday
2018-07-13,2,13,194,28,July,7,3,2018,2,Friday
2018-07-14,2,14,195,28,July,7,3,2018,2,Saturday
2018-07-15,3,15,196,29,July,7,3,2018,2,Sunday
2018-07-16,3,16,197,29,July,7,3,2018,2,Monday
2018-07-17,3,17,198,29,July,7,3,2018,2,Tuesday
2018-07-18,3,18,199,29,July,7,3,2018,2,Wednesday
2018-07-19,3,19,200,29,July,7,3,2018,2,Thursday
2018-07-20,3,20,201,29,July,7,3,2018,2,Friday
2018-07-21,3,21,202,29,July,7,3,2018,2,Saturday
2018-07-22,4,22,203,30,July,7,3,2018,2,Sunday
2018-07-23,4,23,204,30,July,7,3,2018,2,Monday
2018-07-24,4,24,205,30,July,7,3,2018,2,Tuesday
2018-07-25,4,25,206,30,July,7,3,2018,2,Wednesday
2018-07-26,4,26,207,30,July,7,3,2018,2,Thursday
2018-07-27,4,27,208,30,July,7,3,2018,2,Friday
2018-07-28,4,28,209,30,July,7,3,2018,2,Saturday
2018-07-29,5,29,210,31,July,7,3,2018,2,Sunday
2018-07-30,5,30,211,31,July,7,3,2018,2,Monday
2018-07-31,5,31,212,31,July,7,3,2018,2,Tuesday
2018-08-01,1,1,213,31,August,8,3,2018,2,Wednesday
2018-08-02,1,2,214,31,August,8,3,2018,2,Thursday
2018-08-03,1,3,215,31,August,8,3,2018,2,Friday
2018-08-04,1,4,216,31,August,8,3,2018,2,Saturday
2018-08-05,1,5,217,32,August,8,3,2018,2,Sunday
2018-08-06,1,6,218,32,August,8,3,2018,2,Monday
2018-08-07,1,7,219,32,August,8,3,2018,2,Tuesday
2018-08-08,2,8,220,32,August,8,3,2018,2,Wednesday
2018-08-09,2,9,221,32,August,8,3,2018,2,Thursday
2018-08-10,2,10,222,32,August,8,3,2018,2,Friday
2018-08-11,2,11,223,32,August,8,3,2018,2,Saturday
2018-08-12,2,12,224,33,August,8,3,2018,2,Sunday
2018-08-13,2,13,225,33,August,8,3,2018,2,Monday
2018-08-14,2,14,226,33,August,8,3,2018,2,Tuesday
2018-08-15,3,15,227,33,August,8,3,2018,2,Wednesday
2018-08-16,3,16,228,33,August,8,3,2018,2,Thursday
2018-08-17,3,17,229,33,August,8,3,2018,2,Friday
2018-08-18,3,18,230,33,August,8,3,2018,2,Saturday
2018-08-19,3,19,231,34,August,8,3,2018,2,Sunday
2018-08-20,3,20,232,34,August,8,3,2018,2,Monday
2018-08-21,3,21,233,34,August,8,3,2018,2,Tuesday
2018-08-22,4,22,234,34,August,8,3,2018,2,Wednesday
2018-08-23,4,23,235,34,August,8,3,2018,2,Thursday
2018-08-24,4,24,236,34,August,8,3,2018,2,Friday
2018-08-25,4,25,237,34,August,8,3,2018,2,Saturday
2018-08-26,4,26,238,35,August,8,3,2018,2,Sunday
2018-08-27,4,27,239,35,August,8,3,2018,2,Monday
2018-08-28,4,28,240,35,August,8,3,2018,2,Tuesday
2018-08-29,5,29,241,35,August,8,3,2018,2,Wednesday
2018-08-30,5,30,242,35,August,8,3,2018,2,Thursday
2018-08-31,5,31,243,35,August,8,3,2018,2,Friday
2018-09-01,1,1,244,35,September,9,3,2018,2,Saturday
2018-09-02,1,2,245,36,September,9,3,2018,2,Sunday
2018-09-03,1,3,246,36,September,9,3,2018,2,Monday
2018-09-04,1,4,247,36,September,9,3,2018,2,Tuesday
2018-09-05,1,5,248,36,September,9,3,2018,2,Wednesday
2018-09-06,1,6,249,36,September,9,3,2018,2,Thursday
2018-09-07,1,7,250,36,September,9,3,2018,2,Friday
2018-09-08,2,8,251,36,September,9,3,2018,2,Saturday
2018-09-09,2,9,252,37,September,9,3,2018,2,Sunday
2018-09-10,2,10,253,37,September,9,3,2018,2,Monday
2018-09-11,2,11,254,37,September,9,3,2018,2,Tuesday
2018-09-12,2,12,255,37,September,9,3,2018,2,Wednesday
2018-09-13,2,13,256,37,September,9,3,2018,2,Thursday
2018-09-14,2,14,257,37,September,9,3,2018,2,Friday
2018-09-15,3,15,258,37,September,9,3,2018,2,Saturday
2018-09-16,3,16,259,38,September,9,3,2018,2,Sunday
2018-09-17,3,17,260,38,September,9,3,2018,2,Monday
2018-09-18,3,18,261,38,September,9,3,2018,2,Tuesday
2018-09-19,3,19,262,38,September,9,3,2018,2,Wednesday
2018-09-20,3,20,263,38,September,9,3,2018,2,Thursday
2018-09-21,3,21,264,38,September,9,3,2018,2,Friday
2018-09-22,4,22,265,38,September,9,3,2018,2,Saturday
2018-09-23,4,23,266,39,September,9,3,2018,2,Sunday
2018-09-24,4,24,267,39,September,9,3,2018,2,Monday
2018-09-25,4,25,268,39,September,9,3,2018,2,Tuesday
2018-09-26,4,26,269,39,September,9,3,2018,2,Wednesday
2018-09-27,4,27,270,39,September,9,3,2018,2,Thursday
2018-09-28,4,28,271,39,September,9,3,2018,2,Friday
2018-09-29,5,29,272,39,September,9,3,2018,2,Saturday
2018-09-30,5,30,273,40,September,9,3,2018,2,Sunday
2018-10-01,1,1,274,40,October,10,4,2018,2,Monday
2018-10-02,1,2,275,40,October,10,4,2018,2,Tuesday
2018-10-03,1,3,276,40,October,10,4,2018,2,Wednesday
2018-10-04,1,4,277,40,October,10,4,2018,2,Thursday
2018-10-05,1,5,278,40,October,10,4,2018,2,Friday
2018-10-06,1,6,279,40,October,10,4,2018,2,Saturday
2018-10-07,1,7,280,41,October,10,4,2018,2,Sunday
2018-10-08,2,8,281,41,October,10,4,2018,2,Monday
2018-10-09,2,9,282,41,October,10,4,2018,2,Tuesday
2018-10-10,2,10,283,41,October,10,4,2018,2,Wednesday
2018-10-11,2,11,284,41,October,10,4,2018,2,Thursday
2018-10-12,2,12,285,41,October,10,4,2018,2,Friday
2018-10-13,2,13,286,41,October,10,4,2018,2,Saturday
2018-10-14,2,14,287,42,October,10,4,2018,2,Sunday
2018-10-15,3,15,288,42,October,10,4,2018,2,Monday
2018-10-16,3,16,289,42,October,10,4,2018,2,Tuesday
2018-10-17,3,17,290,42,October,10,4,2018,2,Wednesday
2018-10-18,3,18,291,42,October,10,4,2018,2,Thursday
2018-10-19,3,19,292,42,October,10,4,2018,2,Friday
2018-10-20,3,20,293,42,October,10,4,2018,2,Saturday
2018-10-21,3,21,294,43,October,10,4,2018,2,Sunday
2018-10-22,4,22,295,43,October,10,4,2018,2,Monday
2018-10-23,4,23,296,43,October,10,4,2018,2,Tuesday
2018-10-24,4,24,297,43,October,10,4,2018,2,Wednesday
2018-10-25,4,25,298,43,October,10,4,2018,2,Thursday
2018-10-26,4,26,299,43,October,10,4,2018,2,Friday
2018-10-27,4,27,300,43,October,10,4,2018,2,Saturday
2018-10-28,4,28,301,44,October,10,4,2018,2,Sunday
2018-10-29,5,29,302,44,October,10,4,2018,2,Monday
2018-10-30,5,30,303,44,October,10,4,2018,2,Tuesday
2018-10-31,5,31,304,44,October,10,4,2018,2,Wednesday
2018-11-01,1,1,305,44,November,11,4,2018,2,Thursday
2018-11-02,1,2,306,44,November,11,4,2018,2,Friday
2018-11-03,1,3,307,44,November,11,4,2018,2,Saturday
2018-11-04,1,4,308,45,November,11,4,2018,2,Sunday
2018-11-05,1,5,309,45,November,11,4,2018,2,Monday
2018-11-06,1,6,310,45,November,11,4,2018,2,Tuesday
2018-11-07,1,7,311,45,November,11,4,2018,2,Wednesday
2018-11-08,2,8,312,45,November,11,4,2018,2,Thursday
2018-11-09,2,9,313,45,November,11,4,2018,2,Friday
2018-11-10,2,10,314,45,November,11,4,2018,2,Saturday
2018-11-11,2,11,315,46,November,11,4,2018,2,Sunday
2018-11-12,2,12,316,46,November,11,4,2018,2,Monday
2018-11-13,2,13,317,46,November,11,4,2018,2,Tuesday
2018-11-14,2,14,318,46,November,11,4,2018,2,Wednesday
2018-11-15,3,15,319,46,November,11,4,2018,2,Thursday
2018-11-16,3,16,320,46,November,11,4,2018,2,Friday
2018-11-17,3,17,321,46,November,11,4,2018,2,Saturday
2018-11-18,3,18,322,47,November,11,4,2018,2,Sunday
2018-11-19,3,19,323,47,November,11,4,2018,2,Monday
2018-11-20,3,20,324,47,November,11,4,2018,2,Tuesday
2018-11-21,3,21,325,47,November,11,4,2018,2,Wednesday
2018-11-22,4,22,326,47,November,11,4,2018,2,Thursday
2018-11-23,4,23,327,47,November,11,4,2018,2,Friday
2018-11-24,4,24,328,47,November,11,4,2018,2,Saturday
2018-11-25,4,25,329,48,November,11,4,2018,2,Sunday
2018-11-26,4,26,330,48,November,11,4,2018,2,Monday
2018-11-27,4,27,331,48,November,11,4,2018,2,Tuesday
2018-11-28,4,28,332,48,November,11,4,2018,2,Wednesday
2018-11-29,5,29,333,48,November,11,4,2018,2,Thursday
2018-11-30,5,30,334,48,November,11,4,2018,2,Friday
2018-12-01,1,1,335,48,December,12,4,2018,2,Saturday
2018-12-02,1,2,336,49,December,12,4,2018,2,Sunday
2018-12-03,1,3,337,49,December,12,4,2018,2,Monday
2018-12-04,1,4,338,49,December,12,4,2018,2,Tuesday
2018-12-05,1,5,339,49,December,12,4,2018,2,Wednesday
2018-12-06,1,6,340,49,December,12,4,2018,2,Thursday
2018-12-07,1,7,341,49,December,12,4,2018,2,Friday
2018-12-08,2,8,342,49,December,12,4,2018,2,Saturday
2018-12-09,2,9,343,50,December,12,4,2018,2,Sunday
2018-12-10,2,10,344,50,December,12,4,2018,2,Monday
2018-12-11,2,11,345,50,December,12,4,2018,2,Tuesday
2018-12-12,2,12,346,50,December,12,4,2018,2,Wednesday
2018-12-13,2,13,347,50,December,12,4,2018,2,Thursday
2018-12-14,2,14,348,50,December,12,4,2018,2,Friday
2018-12-15,3,15,349,50,December,12,4,2018,2,Saturday
2018-12-16,3,16,350,51,December,12,4,2018,2,Sunday
2018-12-17,3,17,351,51,December,12,4,2018,2,Monday
2018-12-18,3,18,352,51,December,12,4,2018,2,Tuesday
2018-12-19,3,19,353,51,December,12,4,2018,2,Wednesday
2018-12-20,3,20,354,51,December,12,4,2018,2,Thursday
2018-12-21,3,21,355,51,December,12,4,2018,2,Friday
2018-12-22,4,22,356,51,December,12,4,2018,2,Saturday
2018-12-23,4,23,357,52,December,12,4,2018,2,Sunday
2018-12-24,4,24,358,52,December,12,4,2018,2,Monday
2018-12-25,4,25,359,52,December,12,4,2018,2,Tuesday
2018-12-26,4,26,360,52,December,12,4,2018,2,Wednesday
2018-12-27,4,27,361,52,December,12,4,2018,2,Thursday
2018-12-28,4,28,362,52,December,12,4,2018,2,Friday
2018-12-29,5,29,363,52,December,12,4,2018,2,Saturday
2018-12-30,5,30,364,1,December,12,4,2018,2,Sunday
2018-12-31,5,31,365,1,December,12,4,2018,2,Monday
